i,a,b,title,type,year,final,motivo,evidencia,flags
107,Bad Bunny,Shakira,TQG,song,2023,INVALIDA_CONFIRMADA,"TQG é de Karol G com Shakira, não Bad Bunny","Wikipedia/Spotify: 'TQG' é de Karol G feat. Shakira (2023), Bad Bunny não creditado",
118,Kendrick Lamar,Lil Baby,N95,song,2022,INVALIDA_CONFIRMADA,"N95 é solo de Kendrick, sem Lil Baby","Wikipedia: 'N95' de Kendrick Lamar tem Baby Keem, não Lil Baby",
125,Lil Wayne,50 Cent,Ayo Technology,song,2007,INVALIDA_CONFIRMADA,"Ayo Technology é de 50 Cent com Timberlake, sem Lil Wayne","Wikipedia/Discogs: 'Ayo Technology' é 50 Cent feat. Justin Timberlake & Timbaland, sem Lil Wayne",
166,Frank Ocean,Anderson .Paak,Solo (Reprise),song,2016,INVALIDA_CONFIRMADA,"Solo (Reprise) tem André 3000, não Anderson .Paak","Wikipedia: 'Solo (Reprise)' do Blonde é cantada por André 3000, não Anderson .Paak",
183,Charlie Puth,Megan Thee Stallion,Cry Baby,song,2021,INVALIDA_CONFIRMADA,Cry Baby não é dueto Charlie Puth/Megan,"Wikipedia: 'Cry Baby' (2020/2021) é de Megan Thee Stallion feat. DaBaby, não Charlie Puth",
204,Diplo,Major Lazer,Major Lazer Project,album,2015,INVALIDA_CONFIRMADA,não existe álbum chamado Major Lazer Project,Wikipedia: não existe álbum 'Major Lazer Project'; álbum de 2015 do Major Lazer (projeto do Diplo) é 'Peace Is the Mission',
211,David Guetta,Eminem,Not Afraid of the Dark,song,2011,INVALIDA_CONFIRMADA,"Not Afraid é solo do Eminem, faixa fabricada",Wikipedia: 'Not Afraid' (2010) é solo do Eminem (Recovery); não existe faixa 'Not Afraid of the Dark' com David Guetta,
222,Usher,Lil Wayne,OMG,song,2010,INVALIDA_CONFIRMADA,"OMG é com will.i.am, não Lil Wayne","Discogs/IMDb: 'OMG' (2010) de Usher é featuring will.i.am, não Lil Wayne",
227,Sia,Dua Lipa,Genius (LSD),song,2018,INVALIDA_CONFIRMADA,Genius é do LSD; Dua Lipa não participa,"Wikipedia/Discogs: 'Genius' do LSD credita Sia, Diplo, Labrinth; remix tem Lil Wayne, nao Dua Lipa",
603,Gilberto Gil,Gal Costa,Domingo,album,1967,INVALIDA_CONFIRMADA,"Domingo 1967 é de Caetano e Gal, não Gil","Wikipedia: álbum 'Domingo' (1967) é de Gal Costa e Caetano Veloso, não Gilberto Gil",
632,Veigh,WIU,Largado às Traças,song,2022,INVALIDA_CONFIRMADA,"'Largado às Traças' é de Zé Neto e Cristiano, não Veigh×WIU","Letras.mus.br: 'Largado às Traças' é de Zé Neto & Cristiano (sertanejo), não Veigh x WIU",
667,Pitty,Nando Reis,Admirável Chip Novo,album,2003,INVALIDA_CONFIRMADA,"Admirável Chip Novo é álbum solo da Pitty, sem Nando Reis",Wikipedia/Discogs: 'Admirável Chip Novo' (2003) é álbum solo da Pitty; Nando Reis não participa (colab só em 2023),
669,Caetano Veloso,Jorge Ben Jor,Tropicália 2,album,1993,INVALIDA_CONFIRMADA,"Tropicália 2 é de Caetano e Gil, não Jorge Ben Jor","Wikipedia/Discogs: 'Tropicália 2' (1993) é de Caetano Veloso e Gilberto Gil, não Jorge Ben Jor",
848,Kali Uchis,Bad Bunny,Telepatía,feature,2020,INVALIDA_CONFIRMADA,"'Telepatía' é solo Kali Uchis, sem Bad Bunny",Wikipedia: 'Telepatía' é solo de Kali Uchis sem feature; só remixes de fãs com Bad Bunny,
898,Vampire Weekend,Diplo,Hold Up,song,2016,INVALIDA_CONFIRMADA,'Hold Up' não é colaboração Vampire Weekend/Diplo,"Wikipedia: 'Hold Up' é canção da Beyoncé (Lemonade); Ezra Koenig e Diplo só têm crédito de composição, não é colab VW/Diplo",
990,Rema,Ruger,Calm Down (Remix),remix,2021,INVALIDA_CONFIRMADA,"remix de Calm Down é com Selena Gomez, não Ruger","Remix de 'Calm Down' é Rema x Selena Gomez, não Ruger (Wikipedia)",
991,Rema,Ayra Starr,Bloody Samaritan (Remix),remix,2022,INVALIDA_CONFIRMADA,"Bloody Samaritan é da Ayra Starr, não single do Rema","'Bloody Samaritan' é da Ayra Starr e o remix é com Kelly Rowland, não Rema (Spotify/Apple Music)",
992,Rema,Fireboy DML,Bandana,song,2019,INVALIDA_CONFIRMADA,"Bandana é Fireboy×Asake, não Rema×Fireboy","'Bandana' é Fireboy DML feat. Asake, não Rema (Wikipedia/Spotify)",
993,Ayra Starr,Giveon,Commas,song,2021,INVALIDA_CONFIRMADA,"Commas é solo da Ayra Starr, sem Giveon","'Commas' é solo da Ayra Starr, sem Giveon (Wikipedia/Spotify)",
994,Ayra Starr,Cardi B,Bloody Samaritan (Remix),remix,2022,INVALIDA_CONFIRMADA,"remix de Bloody Samaritan foi com Kelly Rowland, não Cardi B","Remix de 'Bloody Samaritan' é com Kelly Rowland, não Cardi B (Spotify/Apple Music)",
996,Ayra Starr,Olamide,Bloody Samaritan,song,2021,INVALIDA_CONFIRMADA,"Bloody Samaritan é solo da Ayra Starr, sem Olamide","'Bloody Samaritan' original é solo da Ayra Starr, sem Olamide (Wikipedia)",
1010,Asake,Rema,Organise,song,2022,INVALIDA_CONFIRMADA,"Organise é solo de Asake, sem Rema","'Organise' é faixa solo de Asake em Mr. Money With The Vibe, sem Rema (Wikipedia/Discogs)",
1019,Olamide,2Baba,Story for the Gods,song,2016,INVALIDA_CONFIRMADA,"Story for the Gods é do Davido, não Olamide×2Baba","'Story for the Gods' é solo do Olamide (prod. Young John, álbum Street OT), sem 2Baba (tooxclusive/audiomack)",
1024,2Baba,P-Square,No One Like You,song,2006,INVALIDA_CONFIRMADA,"No One Like You é da própria P-Square, sem 2Baba","'No One Like You' é da própria P-Square (álbum Game Over), sem 2Baba (Wikipedia P-Square)",
1031,Patoranking,Diamond Platnumz,Girlie O (Remix),remix,2015,INVALIDA_CONFIRMADA,"remix de Girlie O foi com Tiwa Savage, não Diamond Platnumz","'Girlie O (Remix)' credita Patoranking ft. Tiwa Savage, não Diamond Platnumz (BellaNaija/Spotify)",
1049,Niniola,Femi Kuti,Fela Kuti Vibes,song,2020,INVALIDA_CONFIRMADA,"título 'Fela Kuti Vibes' parece fabricado, sem registro","colab real Niniola×Femi Kuti (2020) é 'Fantasy', não 'Fela Kuti Vibes' (OkayAfrica/ChannelsTV)",
1060,Oxlade,Fireboy DML,Ku Lo Sa,song,2021,INVALIDA_CONFIRMADA,"Ku Lo Sa é solo de Oxlade, sem Fireboy","'Ku Lo Sa' é solo de Oxlade (feature notável é com Camila Cabello), sem Fireboy DML (Apple Music)",
1077,Stonebwoy,Burna Boy,Activate,song,2019,INVALIDA_CONFIRMADA,"Activate é de Stonebwoy com Davido, não Burna Boy","'Activate' (2019) é Stonebwoy ft. Davido, não Burna Boy (Vibe/SoundCloud Stonebwoy)",
1122,Sho Madjozi,Drake,My N*gga (Remix),remix,2019,INVALIDA_CONFIRMADA,remix de Sho Madjozi com Drake é fabricação improvável,"Nenhuma evidência de colaboração/remix entre Sho Madjozi e Drake; features reais dela são Stormzy/Burna Boy (spotify, billboard)",
1389,Tems,Rema,Free Mind (Remix),remix,2020,INVALIDA_CONFIRMADA,"'Free Mind' é solo da Tems, remix com Rema não documentado","Spotify/Apple: 'Free Mind' é solo de Tems; remixes por outros DJs, sem Rema. Colab real Tems/Rema é remix de 'Bout U'",
1405,Adekunle Gold,Lucky Dube,5 Star,song,2022,INVALIDA_CONFIRMADA,"Lucky Dube morreu em 2007, colaboração 2022 impossível","BellaNaija/ThatGrapeJuice: '5 Star' (2022) de Adekunle Gold é solo; remix ft. Rick Ross, não Lucky Dube (falecido 2007)",
1412,Anitta,Snoop Dogg,Deixa Ele Sofrer,song,2018,INVALIDA_CONFIRMADA,título não corresponde a colaboração real Anitta x Snoop Dogg,"Wikipedia: 'Deixa Ele Sofrer' é single solo da Anitta (2015), sem Snoop Dogg; colab real com Snoop é 'Onda Diferente'",
1443,Dennis DJ,MC Ryan SP,Que Tiro Foi Esse,song,2018,INVALIDA_CONFIRMADA,"Que Tiro Foi Esse é de Jorge Jay/Zé Felipe, não Dennis x Ryan SP","'Que Tiro Foi Esse' é de Jojo Todynho/Maronttinni (comp. DJ Batata e Pitter Corrêa), não Dennis DJ x MC Ryan SP (pt.wikipedia / open.spotify.com)",
1474,MC Ryan SP,WC no Beat,Que Tiro Foi Esse,song,2018,INVALIDA_CONFIRMADA,Que Tiro Foi Esse não é de Ryan SP x WC no Beat,"'Que Tiro Foi Esse' é single solo de Jojo Todynho/Maronttinni, não MC Ryan SP x WC no Beat (letras.mus.br / open.spotify.com)",
1499,MC Zaac,Sean Paul,Bum Bum Tam Tam,song,2017,INVALIDA_CONFIRMADA,Sean Paul não está no Bum Bum Tam Tam,"'Bum Bum Tam Tam' é de MC Fioti; remix traz Future/J Balvin/Stefflon Don/Juan Magán, sem Sean Paul nem MC Zaac (en.wikipedia)",
1502,MC Zaac,Tyga,Loka,song,2018,INVALIDA_CONFIRMADA,Loka não é colaboração Zaac x Tyga,"'Loka' (2017) é de Simone & Simaria feat. Anitta, não MC Zaac x Tyga (en.wikipedia / discogs.com)",
1518,Furacão 2000,MC Doca,Rap das Armas,song,2008,INVALIDA_CONFIRMADA,"MC Doca não é o autor; Rap das Armas é Cidinho & Doca, não Furacão x Doca","'Rap das Armas' é de MC Júnior & MC Leonardo (original) / Cidinho & Doca (cover), não Furacão 2000 x MC Doca (en.wikipedia / open.spotify.com)",
1523,Jojo Todynho,Dennis DJ,Que Tiro Foi Esse,song,2019,INVALIDA_CONFIRMADA,"Que Tiro Foi Esse é de Jojo Maronttinni, não feat Dennis DJ","'Que Tiro Foi Esse' é single solo de Jojo Todynho (=Maronttinni), sem participação de Dennis DJ (pt.wikipedia / cifras.com.br)",
1544,Alok,Anitta,Is It Love (Belo Horizonte),song,2019,INVALIDA_CONFIRMADA,"'Is It Love' é Alok com Mathieu Koss, não Anitta",não há faixa 'Is It Love' de Alok; colaboração Alok+Anitta é 'Looking For Love' (2024) (Rolling Stone/Spotify),
1546,Alok,Luísa Sonza,Terremoto,song,2021,INVALIDA_CONFIRMADA,"'Terremoto' é Alok com Anitta, não Luísa Sonza","'Terremoto' é de Anitta & MC Kevinho, não Alok com Luísa Sonza (Spotify/Shazam)",
1548,Alok,Giulia Be,Hear Me Now,song,2019,INVALIDA_CONFIRMADA,"'Hear Me Now' é Alok/Bruno Martini/Zeeba, não Giulia Be","'Hear Me Now' é de Alok, Bruno Martini feat. Zeeba (2016), não Giulia Be (Wikipedia/Spotify)",
1555,Ivete Sangalo,Anitta,Ai Se Eu Te Pego (Remix),remix,2022,INVALIDA_CONFIRMADA,"'Ai Se Eu Te Pego' é de Michel Teló, não remix Ivete/Anitta",'Ai Se Eu Te Pego' é de Michel Teló (remix feat. Pitbull); 1ª colab Ivete+Anitta foi 'Lugar Perfeito' (LETRAS/Spotify),
1578,Flay,Anitta,Modo Turbo,song,2021,INVALIDA_CONFIRMADA,"'Modo Turbo' é Luísa Sonza/Pabllo/Anitta, não Flay","'Modo Turbo' é de Luísa Sonza, Pabllo Vittar e Anitta; Flay não participa (pt.wikipedia.org, open.spotify.com)",
1628,MC Mayara,Anitta,Combatchy (Extended),song,2019,INVALIDA_CONFIRMADA,"Combatchy é da Anitta com Lexa/Luísa/Rebecca, não MC Mayara","Discogs/IMDb: 'Combatchy' é Anitta, Lexa, Luísa Sonza feat. MC Rebecca; sem MC Mayara",
1632,MC Morena,Dennis DJ,Baile de Favela,song,2019,INVALIDA_CONFIRMADA,"Baile de Favela é do MC João, não MC Morena/Dennis",WhoSampled/1001Tracklists: 'Baile de Favela' é do MC João (remix Dennis DJ); sem MC Morena,
1660,Kondzilla,Dennis DJ,Baile de Favela,song,2016,INVALIDA_CONFIRMADA,"Baile de Favela é do MC João, não Kondzilla/Dennis","YouTube/1001Tracklists: 'Baile de Favela' é MC João, Dennis DJ remix; KondZilla é o canal/label, não artista creditado",
1678,Tainá Costa,Anitta,Modo Turbo,song,2021,INVALIDA_CONFIRMADA,"Modo Turbo é Luísa Sonza/Pabllo/Anitta, não Tainá Costa",Discogs: 'Modo Turbo' é Luísa Sonza & Pabllo Vittar feat. Anitta; sem Tainá Costa,
1681,Cacau Oliver,Anitta,Faz Gostoso,song,2020,INVALIDA_CONFIRMADA,"Faz Gostoso é Anitta com Blaya, não Cacau Oliver","Wikipedia PT: 'Faz Gostoso' é da Blaya, gravada por Anitta (e Madonna); sem Cacau Oliver",
1695,MC Duda do Marapé,Anitta,Combatchy (Feat.),song,2019,INVALIDA_CONFIRMADA,"Combatchy é Anitta/Lexa/Luísa/Rebecca, não MC Duda","Discogs/IMDb: 'Combatchy' é Anitta, Lexa, Luísa Sonza feat. MC Rebecca; sem MC Duda do Marapé",
1912,Anitta,Nicky Jam,Sure Thing,song,2019,INVALIDA_CONFIRMADA,"'Sure Thing' é cover solo da Anitta, não feat com Nicky Jam",'Sure Thing' é de Miguel; colaboração real Anitta/Nicky Jam é 'Dançarina Remix' (en.wikipedia.org),
1936,MC Kevinho,MC Livinho,Baile da Favela,song,2019,INVALIDA_CONFIRMADA,"'Baile da Favela' é de MC João, não Kevinho/Livinho","'Baile de Favela' (2015) é de MC João e DJ R7, não Kevinho/Livinho (spotify.com)",
1944,Dennis DJ,Anitta,Funk Rave,song,2018,INVALIDA_CONFIRMADA,"'Funk Rave' é solo da Anitta (2023), não com Dennis em 2018","'Funk Rave' é solo da Anitta (2023), sem Dennis DJ (en.wikipedia.org)",
1961,Criolo,Djavan,Nó na Orelha,song,2011,INVALIDA_CONFIRMADA,"'Nó na Orelha' é álbum do Criolo, não feat com Djavan","'Nó na Orelha' (2011) é álbum autoral do Criolo, sem Djavan (discogs.com)",
1972,Ivete Sangalo,Ne-Yo,What You Want,song,2016,INVALIDA_CONFIRMADA,Ivete Sangalo feat. Ne-Yo é fabricação típica do dataset,Não há música 'What You Want' Ivete/Ne-Yo; Ne-Yo não consta nos feats da Ivete (portalpopline.com.br),
1975,Thiaguinho,Sorriso Maroto,Ai Se Eu Te Pego,song,2019,INVALIDA_CONFIRMADA,"'Ai Se Eu Te Pego' é de Michel Teló, não Thiaguinho/Sorriso","'Ai Se Eu Te Pego' é de Michel Teló (2011), não Thiaguinho/Sorriso (en.wikipedia.org)",
2034,Naiara Azevedo,Marília Mendonça,Malhação,song,2019,INVALIDA_CONFIRMADA,título 'Malhação' não é faixa real desse dueto,"Purepeople/Metrópoles: dueto real Naiara x Marília é '50%', não 'Malhação'",
2042,Joelma,Anitta,Calypso Pop,song,2021,INVALIDA_CONFIRMADA,Joelma feat. Anitta 'Calypso Pop' aparenta fabricação,"Letras/Popline: colab real Joelma feat. Anitta é 'Dançando Calypso' (2021), não 'Calypso Pop'",
2100,Seu Jorge,Zeca Pagodinho,Apelido Carinhoso,song,2017,INVALIDA_CONFIRMADA,"'Apelido Carinhoso' é de Dilsinho/Péricles, não de Seu Jorge e Zeca","'Apelido Carinhoso' (2017) é de Gusttavo Lima, comp. Junior Angelim (Spotify/IMDb), não Seu Jorge e Zeca",
2117,Elba Ramalho,Luiz Gonzaga,Riacho do Navio,song,2012,INVALIDA_CONFIRMADA,"Luiz Gonzaga morreu em 1989, impossível gravação em 2012",Dueto real Elba+Gonzaga é 'Sanfoninha Choradeira'; 'Riacho do Navio' em 'Duetos com Mestre Lua' é com Fagner (Vagalume),
2227,Caetano Veloso,Elza Soares,AmarElo,song,2019,INVALIDA_CONFIRMADA,AmarElo é do Emicida; não é parceria Caetano/Elza,"LETRAS/amusicade: 'AmarElo' (2019) é do Emicida com Majur e Pabllo Vittar, não parceria Caetano/Elza",
2342,Luedji Luna,Gilsons,Um Corpo no Mundo,song,2017,INVALIDA_CONFIRMADA,"'Um Corpo no Mundo' é de Luedji Luna sozinha, não com Gilsons","Bandcamp/Spotify: 'Um Corpo no Mundo' (2017) é álbum/faixa solo de Luedji Luna, sem Gilsons",
2349,Carlinhos Brown,Caetano Veloso,Tropicália 2,album,1993,INVALIDA_CONFIRMADA,"Tropicália 2 é de Caetano e Gil, não de Carlinhos Brown; ano 1993 inconsistente","Wikipedia/Discogs: 'Tropicália 2' (1993) é de Caetano Veloso e Gilberto Gil, não Carlinhos Brown",
2363,Tim Maia,Gilberto Gil,Descobridor dos Sete Mares,song,1983,INVALIDA_CONFIRMADA,"'Descobridor dos Sete Mares' é de Tim Maia sozinho, não com Gil","Wikipedia/Discogs: 'O Descobridor dos Sete Mares' é solo de Tim Maia (1983), composta por Gilson Mendonça/Michel, sem Gilberto Gil",
2382,Papatinho,Emicida,Deixa Eu Dizer,song,2017,INVALIDA_CONFIRMADA,'Deixa Eu Dizer' é clássico dos Racionais; Matuê/Papatinho não cabe no ano,"Letras/Discogs: 'Deixa Eu Dizer' é de Cláudia (1973, Ivan Lins); não existe faixa de Papatinho com Emicida com esse título",
2383,Papatinho,Matuê,Deixa Eu Dizer,song,2017,INVALIDA_CONFIRMADA,faixa e ano inconsistentes para Matuê com Papatinho,Deezer/Letras: não há faixa 'Deixa Eu Dizer' de Papatinho com Matuê; colaborações reais têm outros títulos,
2384,Papatinho,MC Cabelinho,Deixa Eu Dizer,song,2017,INVALIDA_CONFIRMADA,título e ano inconsistentes com MC Cabelinho,Letras/Spotify: nenhuma faixa 'Deixa Eu Dizer' de Papatinho com MC Cabelinho; título pertence a Cláudia/Marcelo D2,
2385,Papatinho,Filipe Ret,Deixa Eu Dizer,song,2017,INVALIDA_CONFIRMADA,título e ano inconsistentes com Filipe Ret,Busca web: não existe 'Deixa Eu Dizer' de Papatinho com Filipe Ret; título é de Cláudia (Ivan Lins),
2414,Elis Regina,Ivan Lins,Elis & Tom,album,1974,INVALIDA_CONFIRMADA,"'Elis & Tom' é só de Elis e Tom Jobim, não de Ivan Lins","Wikipedia: álbum 'Elis & Tom' (1974) é de Elis Regina e Antônio Carlos Jobim, não Ivan Lins",
2431,Rodrigo Amarante,Nando Reis,Los Hermanos,album,2005,INVALIDA_CONFIRMADA,"Los Hermanos é a banda, não álbum feito com Nando Reis",Los Hermanos é banda de que Amarante é membro; Nando Reis não integra o grupo nem o álbum homônimo (en.wikipedia.org),
2433,Los Hermanos,Rodrigo Amarante,Ventura,album,2003,INVALIDA_CONFIRMADA,"Amarante é membro do Los Hermanos, não colaboração externa","'Ventura' (2003) é álbum da banda Los Hermanos, da qual Amarante é membro; não é colaboração externa (en.wikipedia.org)",
2501,Luan Santana,Shakira,Yo Te Quiero (feat.),song,2016,INVALIDA_CONFIRMADA,Luan Santana x Shakira é fabricação cross-cultural improvável,"Não há canção 'Yo Te Quiero' de Luan Santana com Shakira; duetos de Luan são com Enrique Iglesias, Belinda etc (pt.wikipedia.org)",
2553,Michel Teló,Anitta,Ai Se Eu Te Pego (remix),song,2012,INVALIDA_CONFIRMADA,"'Ai Se Eu Te Pego' não tem remix com Anitta, fabricação","Letras/Vagalume: o remix real de 'Ai Se Eu Te Pego' credita Pitbull, não Anitta",
2556,Paula Fernandes,Shawn Mendes,Summer Of Love (PT),song,2016,INVALIDA_CONFIRMADA,"cross-país improvável Paula Fernandes x Shawn Mendes, fabricação",Wikipedia/Spotify: 'Summer of Love' é de Shawn Mendes & Tainy; sem versão com Paula Fernandes,
2664,Pabllo Vittar,Gloria Groove,K.O.,song,2018,INVALIDA_CONFIRMADA,"K.O. é faixa solo de Pabllo Vittar, sem Gloria Groove","'K.O.' é faixa solo de Pabllo Vittar (álbum Vai Passar Mal), sem Gloria Groove (Wikipedia)",
2665,Pabllo Vittar,Anitta,Triste com T,song,2018,INVALIDA_CONFIRMADA,"Triste com T é de Pabllo Vittar, sem Anitta","'Triste com T' é solo de Pabllo Vittar (Batidão Tropical 2021), sem Anitta (pt.wikipedia/spotify)",
3004,Post Malone,Tim McGraw,I Had Some Help,feature,2024,INVALIDA_CONFIRMADA,"'I Had Some Help' é com Morgan Wallen, não Tim McGraw","Wikipedia/Billboard: 'I Had Some Help' de Post Malone é feat. Morgan Wallen, não Tim McGraw",
3005,Post Malone,Brad Paisley,Guy for That,song,2024,INVALIDA_CONFIRMADA,"'Guy for That' é com Morgan Wallen, não Brad Paisley","Wikipedia/Spotify: 'Guy for That' de Post Malone é feat. Luke Combs, não Brad Paisley",
3017,George Strait,Garth Brooks,Cowboys and Indians (Live CMA),live,2009,INVALIDA_CONFIRMADA,'Cowboys and Indians' não é faixa conhecida de Strait/Garth,"Wikipedia: primeiro dueto Strait/Garth foi 'The Cowboy Rides Away' (48th ACM, 2013); 'Cowboys and Indians' não existe como faixa deles",
3021,Shania Twain,Lil Durk,Giddy Up!,song,2023,INVALIDA_CONFIRMADA,par improvável Shania x Lil Durk; título não recordado,"Wikipedia/Billboard: 'Giddy Up!' é single solo da Shania Twain (2023), sem Lil Durk",
3033,HARDY,Florida Georgia Line,One Beer,song,2019,INVALIDA_CONFIRMADA,"'One Beer' é com Lauren Alaina/Devin Dawson, não FGL","Wikipedia/Spotify: 'One Beer' de HARDY é feat. Lauren Alaina & Devin Dawson, não Florida Georgia Line",
3038,Kelsea Ballerini,Dua Lipa,Cowboys Don't Cry (Dua Lipa feature),song,2023,INVALIDA_CONFIRMADA,'Cowboys Don't Cry' não tem feature de Dua Lipa,"Rolling Stone/Wikipedia: música da Kelsea 'Cowboys Cry Too' tem feature de Noah Kahan, não Dua Lipa",
3049,Sam Hunt,Khalid,Hard to Forget (Khalid feature),feature,2020,INVALIDA_CONFIRMADA,"'Hard to Forget' é solo de Sam Hunt, sem Khalid","Wikipedia: 'Hard to Forget' é solo de Sam Hunt com sample de Webb Pierce, sem Khalid",
3080,Zach Bryan,Lainey Wilson,Something in the Orange,feature,2023,INVALIDA_CONFIRMADA,'Something in the Orange' e solo Zach Bryan,"Wikipedia: 'Something in the Orange' é solo de Zach Bryan, sem feat de Lainey Wilson",
3187,Rihanna,Bob Marley,Lift Up,remix,2003,INVALIDA_CONFIRMADA,"Rihanna/Bob Marley remix 2003 impossível, fabricação",Rihanna estreou em 2005; nenhum remix 'Lift Up' com Bob Marley em 2003 (en.wikipedia.org),
3245,pb_rocco,Sean Paul,Everyday We Lit,song,2017,INVALIDA_CONFIRMADA,"Everyday We Lit é PnB Rock ft YFN Lucci, não Sean Paul","Wikipedia/Songfacts: 'Everyday We Lit' é YFN Lucci feat. PnB Rock, sem Sean Paul",
3260,Jessie J,Popcaan,Who You Are,song,2018,INVALIDA_CONFIRMADA,"Who You Are é solo de Jessie J, sem Popcaan","Wikipedia: 'Who You Are' é solo de Jessie J (Toby Gad/Shelly Peiken), sem Popcaan; nenhuma colab Jessie J x Popcaan encontrada",
3275,DJ Khaled,Beyoncé,Sticky,song,2022,INVALIDA_CONFIRMADA,Sticky não tem participação de Beyoncé,"Spotify/Grammy: colabs DJ Khaled x Beyoncé são 'Shining' e 'Top Off'; não existe 'Sticky' (Drake, 2022)",
3283,David Guetta,will.i.am,Just a Little More Love,song,2002,INVALIDA_CONFIRMADA,"Just a Little More Love é com Chris Willis, não will.i.am","Wikipedia: 'Just a Little More Love' de David Guetta tem vocais de Chris Willis, não will.i.am",
3310,Calvin Harris,Justin Timberlake,Drinking from the Bottle,song,2012,INVALIDA_CONFIRMADA,"Drinking from the Bottle é com Tinie Tempah, não JT","Wikipedia/Spotify: 'Drinking from the Bottle' é Calvin Harris feat. Tinie Tempah, não Justin Timberlake",
3318,Marshmello,Tyga,Faded,song,2015,INVALIDA_CONFIRMADA,"Faded é de Alan Walker, não Marshmello/Tyga",Spotify/Wikipedia: 'Faded' (2015) é de Alan Walker; sem faixa Marshmello x Tyga com esse título,
3324,The Chainsmokers,Ryan Tedder,Something Just Like This,song,2017,INVALIDA_CONFIRMADA,"Something Just Like This é com Coldplay, não Ryan Tedder","Wikipedia: 'Something Just Like This' é The Chainsmokers x Coldplay; compositores são Taggart e membros do Coldplay, não Ryan Tedder",
3342,Tiësto,Demi Lovato,Don't Be Shy,song,2021,INVALIDA_CONFIRMADA,"Don't Be Shy é com Karol G, não Demi Lovato","'Don't Be Shy' (2021) é de Tiësto & Karol G, não Demi Lovato (en.wikipedia.org)",
3364,Skrillex,Chance the Rapper,BLUE (Da Ba Dee),song,2016,INVALIDA_CONFIRMADA,BLUE (Da Ba Dee) é Eiffel 65; não Skrillex x Chance,"'BLUE (Da Ba Dee)' é do Eiffel 65; colab real Skrillex x Chance é 'Show Me Love' (en.wikipedia.org, complex.com)",
3432,Daft Punk,Stevie Wonder,Too Long,song,2001,INVALIDA_CONFIRMADA,"Too Long traz Romanthony, não Stevie Wonder","Daft Wiki/Wikipedia: 'Too Long' (Discovery) traz vocais de Romanthony, não Stevie Wonder",
3517,Fred again..,UK Garage,Delilah,song,2022,INVALIDA_CONFIRMADA,"'UK Garage' é gênero, não artista; par fabricado",'Delilah (pull me out of this)' é de Fred again.. feat. Delilah Montagu; 'UK Garage' é gênero (discogs.com/songfacts.com),
3558,Zedd,Botnek,Clarity (Zedd feat. Botnek),song,2013,INVALIDA_CONFIRMADA,"Clarity é com Foxes, não Botnek","'Clarity' credita Zedd feat. Foxes, não Botnek (en.wikipedia.org/discogs.com)",
3573,Alan Walker,Hans Zimmer,Live and Let Die (Remix),remix,2021,INVALIDA_CONFIRMADA,par implausível Alan Walker e Hans Zimmer,"Colab Alan Walker/Hans Zimmer é o remix de 'Time', não 'Live and Let Die' (edm.com/facebook.com Hans Zimmer)",
3703,Jul,niro,Bande organisée,song,2020,INVALIDA_CONFIRMADA,niro não consta no 'Bande organisée',"Spotify/IMDb: 'Bande organisée' credita Jul, SCH, Kofs, Naps, Soso Maness, Elams, Solda, Houari; niro não consta",
3706,Jul,prolongeau,Bande organisée,song,2020,INVALIDA_CONFIRMADA,prolongeau não consta no 'Bande organisée',"Spotify/IMDb: 'Bande organisée' credita Jul, SCH, Kofs, Naps, Soso Maness, Elams, Solda, Houari; prolongeau não consta",
3740,Sexion d'Assaut,jR_o_level,Sexion d'Assaut - L'Apogée,album,2013,INVALIDA_CONFIRMADA,jR_o_level não é membro do Sexion d'Assaut,fr.wikipedia: membro real é 'JR O Crom' (Karim Ballo); 'jR_o_level' não existe e L'Apogée é álbum do grupo Sexion d'Assaut,
3783,Soolking,nicky_minaj_fr,Ciao Bella,song,2019,INVALIDA_CONFIRMADA,parceiro 'nicky_minaj_fr' é handle fabricado,'nicky_minaj_fr' é handle fabricado; discografia de Soolking (Wikipedia/Discogs) não tem 'Ciao Bella',
3816,Aya Nakamura,ninos_africa,Jolie nana (remix),remix,2020,INVALIDA_CONFIRMADA,parceiro 'ninos_africa' é handle fabricado,"'ninos_africa' é handle fabricado; Jolie Nana oficial de Aya Nakamura é solo, sem esse feat (Wikipedia)",
3829,Orelsan,big_fmly,Superstar,song,2021,INVALIDA_CONFIRMADA,parceiro 'big_fmly' é handle fabricado,'big_fmly' é handle fabricado; album Civilisation de Orelsan não tem faixa 'Superstar' (Wikipedia),
3839,Gims,Pharrell Williams,Corazon (feat. Pharrell),song,2016,INVALIDA_CONFIRMADA,"'Corazon' tem Lil Wayne e French Montana, não Pharrell","'Corazón' de GIMS credita Lil Wayne e French Montana, não Pharrell (Spotify/Discogs/IMDb)",
3871,Gims,Kungs,Bohemian Rhapsody (remix),remix,2016,INVALIDA_CONFIRMADA,Bohemian Rhapsody remix por Gims/Kungs não existe,Busca (Spotify/Deezer/Apple): não existe remix de 'Bohemian Rhapsody' por Gims/Kungs,
3923,La Fouine,Rohff,La Fouine x Rohff,song,2010,INVALIDA_CONFIRMADA,"La Fouine e Rohff tiveram rixa, colab improvável; título genérico",Spotify/booska-p: colabs reais La Fouine/Rohff são 'Passe leur le salam' e 'On peut pas tout avoir'; título 'La Fouine x Rohff' não existe,
3924,Rohff,La Fouine,Le toit du monde (feat. La Fouine),song,2011,INVALIDA_CONFIRMADA,"Rohff e La Fouine eram inimigos, colab inexistente",Mediatheque/Spotify: 'Le toit du monde' é álbum de Sinik; colab Rohff/La Fouine real é 'On peut pas tout avoir',
3951,Sido,Sarah Connor,Ich und meine Maske,song,2004,INVALIDA_CONFIRMADA,'Ich und meine Maske' é solo Sido; Sarah Connor não participa,Wikipedia/laut.de: 'Ich und meine Maske' é álbum/faixa solo de Sido; Sarah Connor não participa,
3952,Sido,Peter Fox,Beweg dein Arsch,song,2008,INVALIDA_CONFIRMADA,"'Beweg dein Arsch' é solo Sido, não feat. Peter Fox","Wikipedia/Spotify: 'Beweg dein Arsch' credita Scooter, Kitty Kat, Tony D — não Peter Fox (esse é 'Rodeo')",
4062,Armin van Buuren,Hardwell,Blah Blah Blah,song,2011,INVALIDA_CONFIRMADA,"'Blah Blah Blah' é solo de Armin (2018), não dueto com Hardwell","Wikipedia: 'Blah Blah Blah' (2018) é solo de Armin van Buuren, vocais de Aidan Bullimore, sem Hardwell",
4087,Olivia Rodrigo,Zedd,Deja Vu,song,2021,INVALIDA_CONFIRMADA,"'Deja Vu' é solo de Olivia Rodrigo, não feat Zedd","Wikipedia/Billboard: 'Deja Vu' é de Olivia Rodrigo com Dan Nigro, sem Zedd",
4104,DJ Snake,Bad Bunny,Taki Taki,song,2018,INVALIDA_CONFIRMADA,"'Taki Taki' é com Selena/Ozuna/Cardi B, não Bad Bunny","Discogs/IMDb: 'Taki Taki' credita DJ Snake, Selena Gomez, Ozuna e Cardi B, não Bad Bunny",
4233,AP Dhillon,Dua Lipa,Insane,song,2023,INVALIDA_CONFIRMADA,não existe colaboração AP Dhillon com Dua Lipa,"'Insane' de AP Dhillon credita Shinda Kahlon, Gurinder Gill, Gminxr; sem Dua Lipa (spotify.com, en.wikipedia.org)",
4235,AP Dhillon,Nick Jonas,Summer High,song,2022,INVALIDA_CONFIRMADA,'Summer High' não tem Nick Jonas; fabricação cross-genre,"'Summer High' (2022) é solo de AP Dhillon, sem artista convidado; sem Nick Jonas (imdb.com, spotify.com)",
4250,Guru Randhawa,Hardy Sandhu,Kya Baat Ay,song,2019,INVALIDA_CONFIRMADA,"'Kya Baat Ay' é de Hardy Sandhu, não dueto com Guru Randhawa","'Kya Baat Ay' é de Harrdy Sandhu (Jaani/B Praak), não dueto com Guru Randhawa (spotify.com, lyricsmint.com)",
4261,Vishal-Shekhar,ankit_tiwari,Galliyan,song,2014,INVALIDA_CONFIRMADA,"'Galliyan' é de Ankit Tiwari, não composição Vishal-Shekhar","'Galliyan' (Ek Villain) é composta e cantada por Ankit Tiwari, não Vishal-Shekhar (en.wikipedia.org, spotify.com)",
4301,Diljit Dosanjh,The Weeknd,Here We Go,feature,2024,INVALIDA_CONFIRMADA,não existe feature Diljit Dosanjh com The Weeknd,"'Here We Go... Again' é The Weeknd feat. Tyler, the Creator (Dawn FM 2022); não há colab Diljit Dosanjh/Weeknd (Wikipedia/Spotify)",
4302,Diljit Dosanjh,Sia,Lover (Remix),remix,2021,INVALIDA_CONFIRMADA,"remix Diljit com Sia não existe, fabricação","'Lover (Remix)' de Diljit é remix Punjabi (MoonChild Era/Intense/Raj Ranjodh), sem Sia; colabs Sia dele são 'Hass Hass' e 'Ranjha' (Spotify/Billboard)",
4317,Jasmine Sandlas,Garry Sandhu,Nikle Currant,song,2018,INVALIDA_CONFIRMADA,"'Nikle Currant' é de Jassi Gill e Neha Kakkar, não esses dois","'Nikle Currant' (2018) é de Jassi Gill e Neha Kakkar, não Jasmine Sandlas/Garry Sandhu (Wikipedia/Spotify)",
4336,Guru Randhawa,nikkie_bella,Lagdi Lahore Di,song,2019,INVALIDA_CONFIRMADA,Nikki Bella é wrestler; fabricação,"Spotify/Apple Music: 'Lagdi Lahore Di' credita Guru Randhawa e Tulsi Kumar, não Nikki Bella",
4457,Lata Mangeshkar,A.R. Rahman,Pyar Kiya Toh Darna Kya,song,1998,INVALIDA_CONFIRMADA,"Pyar Kiya Toh Darna Kya (Mughal-e-Azam) é de Lata; Rahman não envolvido, ano/atribuição fabricados","Wikipedia: 'Pyar Kiya To Darna Kya' (Mughal-e-Azam 1960) cantada por Lata, composta por Naushad; sem A.R. Rahman",
4459,Lata Mangeshkar,Asha Bhosle,Aaj Phir Tum Pe,song,1981,INVALIDA_CONFIRMADA,Aaj Phir Tum Pe (Hate Story 3) é solo; dueto Lata/Asha em 1981 fabricado,JioSaavn/lyricsmint: 'Aaj Phir Tum Pe' original de Dayavan 1988 (Pankaj Udhas/Anuradha Paudwal) e Hate Story 2 (Arijit); não dueto Lata/Asha 1981,
4489,Diljit Dosanjh,The Weeknd,GOAT (Greatest of All Time),song,2024,INVALIDA_CONFIRMADA,GOAT é de Diljit Dosanjh (2020); colaboração com The Weeknd em 2024 fabricada,"Wikipedia: 'G.O.A.T.' é de Diljit Dosanjh (2020, prod. G-Funk); sem The Weeknd, só mashups de fãs",
4500,AP Dhillon,arjan_dhillon,Heart on My Sleeve,song,2022,INVALIDA_CONFIRMADA,título 'Heart on My Sleeve' não é faixa real de AP Dhillon/Arjan Dhillon,Wikipedia/Spotify: 'Heart on My Sleeve' (2023) é o track AI de Drake/Weeknd; sem colab AP Dhillon+Arjan Dhillon,
4800,Tiziano Ferro,Biagio Antonacci,Strani amori,song,2003,INVALIDA_CONFIRMADA,"'Strani amori' é de Laura Pausini, não de Ferro/Antonacci","'Strani amori' é de Laura Pausini (Sanremo 1994), não de Ferro/Antonacci (en.wikipedia.org)",
4803,Tiziano Ferro,Jovanotti,Il regalo più grande,song,2013,INVALIDA_CONFIRMADA,"'Il regalo più grande' é de Tiziano Ferro, não com Jovanotti","'Il regalo più grande' é de Tiziano Ferro solo; versões com convidados são RBD e Amaia Montero, não Jovanotti (en.wikipedia.org)",
4833,C. Tangana,omar_montes,Yung Beef,song,2021,INVALIDA_CONFIRMADA,'Yung Beef' não é faixa de Tangana com Omar Montes; confuso,"'Yung Beef' é nome de artista, não faixa de Tangana com Omar Montes; colab real deles é 'Una y Mil Veces' (youtube.com)",
4855,Lola Indigo,Miriam Doblas,El Mismo Sol,song,2020,INVALIDA_CONFIRMADA,Miriam Doblas é o nome real de Lola Indigo; par redundante,"'El Mismo Sol' é de Álvaro Soler (feat. Jennifer Lopez), não de Lola Indigo/Miriam Doblas (en.wikipedia.org)",
4859,Nathy Peluso,Becky G,La Noche de Anoche,song,2022,INVALIDA_CONFIRMADA,"'La Noche de Anoche' é de Bad Bunny/Rosalía, não Nathy/Becky G","'La Noche de Anoche' é de Bad Bunny e Rosalía, não Nathy Peluso/Becky G (en.wikipedia.org)",
4894,Marco Mengoni,Elodie,Mille,song,2021,INVALIDA_CONFIRMADA,"'Mille' é de Fedez/Achille Lauro/Orietta Berti, não Mengoni×Elodie",Wikipedia/IMDb: 'Mille' (2021) é de Fedez/Achille Lauro/Orietta Berti; Mengoni×Elodie é 'Pazza musica' (2023),
4900,Sangiovanni,Elodie,Mille,feature,2022,INVALIDA_CONFIRMADA,'Mille' não é feature de Sangiovanni×Elodie,"Wikipedia: 'Mille' é de Fedez/Achille Lauro/Orietta Berti, não feature Sangiovanni×Elodie",
4911,Jovanotti,Eros Ramazzotti,L'estate addosso,song,2018,INVALIDA_CONFIRMADA,"'L'estate addosso' é solo de Jovanotti, não dueto com Eros","Wikipedia/Spotify: 'L'estate addosso' é solo de Jovanotti (2015), sem dueto com Eros Ramazzotti",
4916,Enrique Iglesias,Ricky Martin,Súbeme la Radio remix,remix,2017,INVALIDA_CONFIRMADA,"'Súbeme la Radio' é com Zion&Lennox, não Ricky Martin","Wikipedia: 'Súbeme la Radio' feat. Descemer Bueno & Zion&Lennox; remixes com Sean Paul/CNCO/Jacob Forever, não Ricky Martin",
4926,Noemi,Fedez,Makumba,song,2020,INVALIDA_CONFIRMADA,"'Makumba' é da Noemi solo, não feature de Fedez","Wikipedia/Spotify: 'Makumba' é Noemi feat. Carl Brave, não Fedez",
4940,Becky G,David Bisbal,Sin Pijama,song,2018,INVALIDA_CONFIRMADA,"'Sin Pijama' é Becky G×Natti Natasha, não Bisbal","Wikipedia/Billboard: 'Sin Pijama' é Becky G × Natti Natasha, sem David Bisbal",
5011,Benny Benassi,T-Pain,Love Is Gonna Save Us,song,2013,INVALIDA_CONFIRMADA,"'Love Is Gonna Save Us' é faixa solo de Benassi, sem T-Pain","'Love Is Gonna Save Us' (2004) é Benny Benassi com The Biz nos vocais, sem T-Pain (Spotify/Dork)",
5040,Psy,Wiz Khalifa,Gangnam Style,feature,2013,INVALIDA_CONFIRMADA,"Gangnam Style é só do Psy, sem Wiz Khalifa","Wikipedia/Discogs: 'Gangnam Style' é solo do Psy, sem Wiz Khalifa",
5049,Jackson Wang,Flo Rida,Just Hold On,feature,2018,INVALIDA_CONFIRMADA,"Just Hold On é Steve Aoki x Louis Tomlinson, não Jackson Wang/Flo Rida","Wikipedia: 'Just Hold On' é de Steve Aoki & Louis Tomlinson, não Jackson Wang/Flo Rida",
5059,Suga,Lil Wayne,Haiku,song,2023,INVALIDA_CONFIRMADA,Haiku com Lil Wayne não existe,Wikipedia D-Day tracklist: não existe faixa 'Haiku'; sem Lil Wayne,
5060,Suga,Eminem,Amygdala,feature,2023,INVALIDA_CONFIRMADA,"Amygdala é solo de Agust D/Suga, sem Eminem","Wikipedia/Spotify: 'AMYGDALA' é solo do Agust D no D-Day, sem Eminem",
5066,RM,Anderson .Paak,Forever Rain,song,2018,INVALIDA_CONFIRMADA,"Forever Rain é solo do RM no mono, sem Anderson .Paak","Wikipedia Mono: 'Forever Rain' é solo do RM; Anderson .Paak está em 'Still Life', não nesta",
5077,G-Dragon,Diplo,Who You,song,2013,INVALIDA_CONFIRMADA,"Who You é solo do G-Dragon, sem Diplo","Billboard/Wikipedia: Diplo produziu a faixa-título 'Coup d'Etat', não 'Who You?'; 'Who You?' é solo do G-Dragon",
5080,Super Junior,Henry Lau,Bonamana,feature,2010,INVALIDA_CONFIRMADA,"Bonamana é single do Super Junior, não feature com Henry Lau","Wikipedia: Henry compôs 'All My Heart' no repackage, não é feature no single 'Bonamana' do Super Junior",
5094,Taeyeon,Crush,Some,feature,2017,INVALIDA_CONFIRMADA,"Some é Soyou x Junggigo, não Taeyeon x Crush","Wikipedia: 'Some' é Soyou x Junggigo feat. Lil Boi, não Taeyeon x Crush",
5118,Moonbyul,Loco,BAAM,feature,2018,INVALIDA_CONFIRMADA,"BAAM é do MOMOLAND, não Moonbyul x Loco","Wikipedia/Spotify: 'BAAM' é single do MOMOLAND, não Moonbyul x Loco",
5119,Sunmi,Lauv,Pporappippam,song,2020,INVALIDA_CONFIRMADA,"Pporappippam é solo da Sunmi, sem Lauv","Wikipedia: 'Pporappippam' é solo da Sunmi (com Frants), sem Lauv",
5134,TXT,Anitta,0X1=LOVESONG,feature,2021,INVALIDA_CONFIRMADA,"música do TXT sem Anitta, par improvável","'0X1=LOVESONG' do TXT feat. Seori (e remixes pH-1/Mod Sun), não Anitta (TXT Fandom)",
5136,TXT,Coi Leray,Good Boy Gone Bad,feature,2022,INVALIDA_CONFIRMADA,"título é faixa solo do TXT, sem Coi Leray",'Good Boy Gone Bad' é faixa solo do TXT; Coi Leray está em outra música ('Happy Fools') (TXT Fandom),
5137,ENHYPEN,JVKE,Drunk-Dazed,feature,2022,INVALIDA_CONFIRMADA,Drunk-Dazed é do ENHYPEN sem JVKE,'Drunk-Dazed' é faixa do ENHYPEN sem feat.; JVKE não consta (Spotify/ENHYPEN Fandom),
5163,Dok2,The Quiett,No Flex Zone,song,2014,INVALIDA_CONFIRMADA,"No Flex Zone é dos Rae Sremmurd, não Dok2","'No Flex Zone' é single de estreia do Rae Sremmurd (2014), não Dok2/The Quiett (Wikipedia)",
5176,Giriboy,Babylon,Kiss Me More,song,2020,INVALIDA_CONFIRMADA,"Kiss Me More é da Doja Cat, não Giriboy",'Kiss Me More' é da Doja Cat feat. SZA; sem faixa Giriboy/Babylon com esse título (busca web),
5193,Jolin Tsai,G-Dragon,Play,feature,2010,INVALIDA_CONFIRMADA,par improvável Jolin Tsai x G-Dragon não documentado,Wikipedia: 'Play' (2014) é solo de Jolin Tsai; colaboração com G-Dragon nunca ocorreu (allkpop apenas cita desejo de colaborar em 2012),
5194,Jay Chou,Alicia Keys,Mojito,feature,2020,INVALIDA_CONFIRMADA,Mojito é solo de Jay Chou sem Alicia Keys,"Wikipedia: 'Mojito' (2020) é single solo de Jay Chou, sem Alicia Keys nos créditos",
5213,ONE OK ROCK,Miley Cyrus,Heartache,feature,2017,INVALIDA_CONFIRMADA,Heartache é do ONE OK ROCK sem Miley Cyrus,"Fandom/Spotify: 'Heartache' é do álbum 35xxxv de ONE OK ROCK, sem Miley Cyrus",
5214,Kenshi Yonezu,Eve,Pale Blue,feature,2021,INVALIDA_CONFIRMADA,Pale Blue é solo de Kenshi Yonezu sem Eve,"Wikipedia: 'Pale Blue' (2021) é single solo de Kenshi Yonezu, sem Eve",
5215,Ado,Vaundy,New Genesis,feature,2023,INVALIDA_CONFIRMADA,New Genesis é da Ado sem Vaundy,"Wikipedia: 'New Genesis' é escrita e produzida por Yasutaka Nakata; Vaundy fez 'Backlight', não este tema",
5216,Ado,Fujii Kaze,Hana,feature,2022,INVALIDA_CONFIRMADA,"Hana atribuída erroneamente, par não documentado","Wikipedia: 'Hana' (2023) é single solo de Fujii Kaze, não da Ado; par não existe",
5260,Peso Pluma,Xavi,La Diabla,song,2023,INVALIDA_CONFIRMADA,La Diabla é de Xavi solo; Peso Pluma não participa,"Wikipedia: 'La Diabla' é solo de Xavi (Interscope), sem Peso Pluma",
5261,Peso Pluma,Karol G,Mi Ex Tenía Razón,song,2024,INVALIDA_CONFIRMADA,"Mi Ex Tenía Razón é da Karol G solo, sem Peso Pluma","Wikipedia/Spotify: 'Mi Ex Tenía Razón' é solo de Karol G, sem Peso Pluma",
5263,Peso Pluma,Ángela Aguilar,Dime Cómo Quieres,song,2024,INVALIDA_CONFIRMADA,"Dime Cómo Quieres é de Christian Nodal x Ángela Aguilar, não Peso Pluma","Wikipedia: 'Dime Cómo Quieres' é Christian Nodal & Ángela Aguilar, não Peso Pluma",
5288,Natanael Cano,Bad Bunny,Tumbado y Relajado,song,2023,INVALIDA_CONFIRMADA,Tumbado y Relajado Natanael x Bad Bunny fabricada,Last.fm: 'Tumbado y Relajado' é Decalifornia feat Jay R; colab real Natanael x Bad Bunny é 'Soy El Diablo',
5362,Alejandro Fernández,Vicente Fernández,Amor Eterno,song,2019,INVALIDA_CONFIRMADA,"Amor Eterno é de Juan Gabriel/Rocío Dúrcal, não dueto entre estes em 2019",AllMusic/Spotify: 'Amor Eterno' é solo de Vicente Fernández (comp. Juan Gabriel); duetos com Alejandro são outros títulos,
5367,Marco Antonio Solís,Juan Gabriel,Hasta Que Te Conocí,song,1992,INVALIDA_CONFIRMADA,"Hasta Que Te Conocí é de Juan Gabriel, não dueto com Solís","Wikipedia: 'Hasta Que Te Conocí' é de Juan Gabriel (dueto 2015 c/ Joy), não com Marco Antonio Solís",
5383,Maná,Shakira,¿Dónde Jugarán los Niños?,song,2011,INVALIDA_CONFIRMADA,"¿Dónde Jugarán los Niños? é álbum de Maná, não dueto com Shakira",Spotify/Letras: '¿Dónde Jugarán los Niños?' é álbum/canção solo de Maná; colaboração real com Shakira é 'Mi Verdad',
5385,Maná,Alejandro Sanz,Corazón Espinado (Dueto),song,1999,INVALIDA_CONFIRMADA,"Corazón Espinado é Santana/Maná, não com Alejandro Sanz","Discogs/Wikipedia: 'Corazón Espinado' credita Santana feat. Maná, não Alejandro Sanz",
5478,Babo,Dharius,Barrio Fino,song,2021,INVALIDA_CONFIRMADA,"Barrio Fino é álbum de Daddy Yankee, não faixa Babo/Dharius","Wikipedia/Discogs: 'Barrio Fino' é álbum de Daddy Yankee (2004), não faixa de Babo/Dharius",
5514,Dua Lipa,Silk Sonic,Fever,song,2022,INVALIDA_CONFIRMADA,"Fever é com Angèle, não Silk Sonic","Wikipedia: 'Fever' é Dua Lipa feat. Angèle, não Silk Sonic",
5518,The Weeknd,Madonna,Ghosttown,song,2015,INVALIDA_CONFIRMADA,Ghosttown da Madonna não traz The Weeknd,"Wikipedia: 'Ghosttown' (Madonna, 2015) escrita por Madonna/Evigan/Bogart/Douglas, sem The Weeknd",
5554,Chris Brown,Khalid,Call You Mine,song,2019,INVALIDA_CONFIRMADA,Call You Mine é Chainsmokers/Bebe Rexha,"Wikipedia: 'Call You Mine' (2019) é The Chainsmokers feat. Bebe Rexha, não Chris Brown/Khalid",
5576,Christina Aguilera,Nicki Minaj,Stupid Hoe (uncredited),song,2012,INVALIDA_CONFIRMADA,"Stupid Hoe é solo da Nicki, feature inventada","Wikipedia: 'Stupid Hoe' tem vocal só da Nicki Minaj, sem Christina Aguilera",
5637,Drake,SZA,All the Stars,song,2018,INVALIDA_CONFIRMADA,"All the Stars é SZA com Kendrick, não Drake","Wikipedia/Spotify: 'All the Stars' (2018) credita Kendrick Lamar e SZA, não Drake",
5645,Kendrick Lamar,Drake,Forever,song,2009,INVALIDA_CONFIRMADA,Forever (2009) não inclui Kendrick Lamar,"Wikipedia: 'Forever' (2009) é Drake, Kanye West, Lil Wayne e Eminem; sem Kendrick Lamar",
5654,Anne-Marie,Cardi B,Cardi B Anne-Marie Collab,song,2021,INVALIDA_CONFIRMADA,"título genérico placeholder, sem música real","Billboard/Ranker: Anne-Marie citou Cardi B como sonho de colab, mas nenhuma música lançada juntas; título é placeholder",
5703,Karol G,Maluma,Creep,song,2019,INVALIDA_CONFIRMADA,'Creep' não é colaboração Karol G x Maluma,"Música real Karol G x Maluma é 'Créeme' (2018), não existe 'Creep' entre eles (en.wikipedia.org)",
5707,Sebastián Yatra,Camila Cabello,Tutu,song,2022,INVALIDA_CONFIRMADA,"'Tutu' é Camilo/Pedro Capó, não Yatra/Camila","'Tutu' (2019) é de Camilo e Pedro Capó (remix add Shakira), não Yatra x Camila Cabello (en.wikipedia.org)",
5712,Harry Styles,Shawn Mendes,What a Feeling,song,2023,INVALIDA_CONFIRMADA,'What a Feeling' não existe Harry x Shawn Mendes,Não existe 'What a Feeling' Harry Styles x Shawn Mendes; título é faixa do One Direction/Flashdance (harrystyles.fandom/wikipedia),
5722,6LACK,Khalid,Know Your Worth,song,2020,INVALIDA_CONFIRMADA,"'Know Your Worth' é Khalid x Disclosure, não 6LACK","'Know Your Worth' (2020) é Khalid x Disclosure (remix Davido/Tems), não 6LACK; 6LACK está em 'OTW' (en.wikipedia.org)",
5741,Kelly Clarkson,Jason Derulo,Already Gone,song,2009,INVALIDA_CONFIRMADA,"'Already Gone' é Kelly Clarkson solo, sem Derulo","'Already Gone' (2009) é solo de Kelly Clarkson coescrita com Ryan Tedder, sem Jason Derulo (en.wikipedia.org)",
5860,Karol G,Feid,Juntos (album),album,2023,INVALIDA_CONFIRMADA,álbum conjunto Karol G e Feid 'Juntos' não existe,"Billboard/Letras: não existe álbum conjunto 'Juntos' de Karol G e Feid; colaboraram só em faixas ('Friki','Verano Rosa')",
5887,Anuel AA,Jhay Cortez,Safaera (remix),remix,2020,INVALIDA_CONFIRMADA,"Safaera é Bad Bunny, remix com Anuel/Jhay não existe",Spotify: 'Safaera' é de Bad Bunny com Jowell & Randy e Ñengo Flow; remix com Anuel AA/Jhay Cortez não existe,
5907,Myke Towers,Jhay Cortez,Yhlqmdlg (remix),remix,2020,INVALIDA_CONFIRMADA,"YHLQMDLG é álbum de Bad Bunny, não remix Myke/Jhay","YHLQMDLG é título do álbum de Bad Bunny (2020), não remix de Myke Towers/Jhay Cortez; faixa inexistente",
5918,Feid,Bad Bunny,Un Verano Sin Ti (feature),feature,2022,INVALIDA_CONFIRMADA,"Un Verano Sin Ti é álbum solo Bad Bunny, Feid não participa",Wikipedia/Rolling Stone: tracklist de 'Un Verano Sin Ti' (Bad Bunny) não inclui Feid,
5923,Sebastián Yatra,Rosalía,Cristian Y Rosalía,song,2019,INVALIDA_CONFIRMADA,título 'Cristian Y Rosalía' Yatra/Rosalía não existe,Letras/Spotify: não existe faixa 'Cristian Y Rosalía' nem colaboração Yatra/Rosalía; 'Cristina' de Yatra é solo,
5925,Sebastián Yatra,Myke Towers,Cristina,song,2020,INVALIDA_CONFIRMADA,'Cristina' Yatra e Myke Towers não existe,"Wikipedia/Spotify: a colaboração real Yatra + Myke Towers é 'Pareja del Año' (2021), não 'Cristina'",
5977,Grupo Frontera,Bad Bunny,Un Verano Sin Ti (feature),feature,2022,INVALIDA_CONFIRMADA,"'Un Verano Sin Ti' é álbum de Bad Bunny, não feature com Grupo Frontera","'Un Verano Sin Ti' é álbum de Bad Bunny; convidados são Rauw Alejandro, Chencho, Jhayco etc, não Grupo Frontera (en.wikipedia.org)",
6025,Young Miko,Bad Bunny,Un Verano Sin Ti (feature),feature,2022,INVALIDA_CONFIRMADA,"'Un Verano Sin Ti' é álbum de Bad Bunny, não feature com Young Miko",'Un Verano Sin Ti' (Bad Bunny) não tem Young Miko entre os convidados listados (billboard.com/en.wikipedia.org),
6040,Burna Boy,J. Balvin,Anybody,song,2020,INVALIDA_CONFIRMADA,"'Anybody' é single solo de Burna Boy, sem J Balvin",Spotify/OkayAfrica: 'Anybody' é solo de Burna Boy; colab com J Balvin é 'Rollercoaster',
6046,Lenny Tavárez,Maluma,La Canción,song,2019,INVALIDA_CONFIRMADA,"'La Canción' é de J Balvin e Bad Bunny, não Lenny Tavárez/Maluma",lahiguera/Billboard: colabs Maluma+Lenny Tavárez são 'Parce'/'Sornero'; 'La Canción' é de J Balvin e Bad Bunny,
6075,Imagine Dragons,Kendrick Lamar,Warriors,song,2014,INVALIDA_CONFIRMADA,"'Warriors' é solo do Imagine Dragons, sem Kendrick Lamar","Wikipedia: 'Warriors' (2014) é do Imagine Dragons solo p/ League of Legends, sem Kendrick Lamar",
6321,Aretha Franklin,Stevie Wonder,Rock Steady,feature,1971,INVALIDA_CONFIRMADA,'Rock Steady' é da própria Aretha; Stevie Wonder não é feature,"Wikipedia: 'Rock Steady' é de Aretha Franklin; personnel inclui Donny Hathaway/Purdie/Dr John, sem Stevie Wonder",
6373,"Earth, Wind & Fire",Daft Punk,Let's Groove Tonight,feature,2013,INVALIDA_CONFIRMADA,'Let's Groove' é de EWF; feature com Daft Punk em 2013 é fabricação,"Discogs/YouTube: 'Let's Groove' é single de Earth, Wind & Fire de 1981; não há colaboração oficial com Daft Punk em 2013",
6662,DJ Khaled,Tinie Tempah,Hold You Down,song,2014,INVALIDA_CONFIRMADA,Tinie Tempah não consta no elenco de Hold You Down do DJ Khaled,"Wikipedia/Spotify: 'Hold You Down' credita Chris Brown, August Alsina, Future e Jeremih, não Tinie Tempah",
6671,Tiësto,Anne-Marie,BOOM!,song,2017,INVALIDA_CONFIRMADA,Anne-Marie não consta em BOOM! do Tiësto,"Discogs/Spotify: Tiësto 'BOOM' (2017) é com Sevenn (e versão Gucci Mane), não Anne-Marie",
6675,Gorillaz,Noel Gallagher,Fading Like a Flower,song,2010,INVALIDA_CONFIRMADA,Fading Like a Flower é dos Roxette; não é faixa Gorillaz x Noel Gallagher,Wikipedia: 'Fading Like a Flower' é dos Roxette; colab Gorillaz x Noel Gallagher é 'We Got the Power',
6724,Skepta,Drake,Drake x Skepta Together,song,2016,INVALIDA_CONFIRMADA,título genérico fabricado 'Drake x Skepta Together'; não é faixa real,Last.fm/Spotify: colabs reais Drake x Skepta são 'Skepta Interlude'/'Ojuelegba Remix'; título 'Drake x Skepta Together' inexistente,
6754,Dave,Cardi B,Funky Friday (Remix),remix,2018,INVALIDA_CONFIRMADA,Cardi B não participa de 'Funky Friday',"'Funky Friday' é de Dave feat. Fredo (2018), prod. 169; Cardi B não participa (en.wikipedia.org)",
6812,Metro Boomin,Gunna,Drip Too Hard,song,2018,INVALIDA_CONFIRMADA,"'Drip Too Hard' é Lil Baby & Gunna prod. Turbo, não Metro","'Drip Too Hard' é de Lil Baby & Gunna, prod. Turbo; Metro Boomin não creditado (en.wikipedia.org)",
6813,Metro Boomin,Young Thug,Drip Too Hard,song,2018,INVALIDA_CONFIRMADA,'Drip Too Hard' não é produção Metro×Young Thug,'Drip Too Hard' é Lil Baby & Gunna prod. Turbo; nem Metro Boomin nem Young Thug participam (en.wikipedia.org),
6833,Migos,Drake,Motorsport,song,2017,INVALIDA_CONFIRMADA,'Motorsport' não tem Drake,"'MotorSport' é Migos feat. Nicki Minaj e Cardi B, sem Drake (en.wikipedia.org)",
6834,Migos,Lil Baby,Motorsport,song,2017,INVALIDA_CONFIRMADA,'Motorsport' não tem Lil Baby,"'MotorSport' credita Migos, Nicki Minaj e Cardi B, sem Lil Baby (discogs.com)",
6839,Quavo,Future,Low Life,song,2016,INVALIDA_CONFIRMADA,"'Low Life' é Future feat. The Weeknd, não Quavo","'Low Life' (2016) é Future feat. The Weeknd, não Quavo (en.wikipedia.org)",
6849,Lil Baby,4pf,Forever,song,2020,INVALIDA_CONFIRMADA,"4pf é gravadora, não artista; pareamento inválido","'Forever' 2020 (My Turn) de Lil Baby traz Lil Wayne; 4pf é a gravadora, não artista (Wikipedia/Spotify)",
6862,Young Thug,Wiz Khalifa,Lifestyle,song,2014,INVALIDA_CONFIRMADA,"Lifestyle é Rich Gang/Thug/Rich Homie Quan, não Wiz Khalifa",'Lifestyle' 2014 é Rich Gang feat. Young Thug & Rich Homie Quan; sem Wiz Khalifa (Wikipedia/Spotify),
6889,DJ Khaled,Lil Wayne,Every Chance I Get,song,2021,INVALIDA_CONFIRMADA,"Every Chance I Get tem Lil Baby/Durk, não Lil Wayne","'Every Chance I Get' 2021 traz Lil Baby & Lil Durk, não Lil Wayne (Wikipedia/Spotify)",
6890,DJ Khaled,Rick Ross,Every Chance I Get,song,2021,INVALIDA_CONFIRMADA,Every Chance I Get não tem Rick Ross,'Every Chance I Get' traz apenas Lil Baby & Lil Durk; sem Rick Ross (Wikipedia/Spotify),
6895,DJ Khaled,Post Malone,Top Off,song,2019,INVALIDA_CONFIRMADA,"Top Off tem Jay-Z/Future/Beyoncé, não Post Malone","'Top Off' traz Jay-Z, Future & Beyoncé; sem Post Malone (Wikipedia/Discogs/Grammy.com)",
6896,DJ Khaled,Cardi B,Top Off,song,2019,INVALIDA_CONFIRMADA,Top Off não tem Cardi B,"'Top Off' traz Jay-Z, Future & Beyoncé; sem Cardi B (Wikipedia/Spotify)",
6897,DJ Khaled,21 Savage,Top Off,song,2019,INVALIDA_CONFIRMADA,Top Off não tem 21 Savage,"'Top Off' traz Jay-Z, Future & Beyoncé; sem 21 Savage (Wikipedia/Spotify)",
6898,DJ Khaled,Nicki Minaj,Top Off,song,2019,INVALIDA_CONFIRMADA,Top Off não tem Nicki Minaj,"'Top Off' traz Jay-Z, Future & Beyoncé; sem Nicki Minaj (Wikipedia/Spotify)",
6899,DJ Khaled,Travis Scott,Top Off,song,2019,INVALIDA_CONFIRMADA,Top Off não tem Travis Scott,"'Top Off' traz Jay-Z, Future & Beyoncé; sem Travis Scott (Wikipedia/Spotify)",
6900,DJ Khaled,Nicki Minaj,Suffering from Success,song,2013,INVALIDA_CONFIRMADA,"Suffering from Success título de álbum, não tem Nicki nessa faixa-título","Faixa-título 'Suffering from Success' traz Ace Hood & Future, não Nicki Minaj (Wikipedia/hiphopsince1987)",
6904,DJ Khaled,Jay-Z,Higher,song,2019,INVALIDA_CONFIRMADA,"Higher tem Nipsey Hussle e John Legend, não Jay-Z",'Higher' 2019 traz Nipsey Hussle & John Legend; sem Jay-Z (Wikipedia/Spotify/NPR),
6910,Cardi B,J. Cole,Wish Wish,song,2019,INVALIDA_CONFIRMADA,Wish Wish não tem J. Cole,"'Wish Wish' é do DJ Khaled feat. Cardi B & 21 Savage, sem J. Cole (Wikipedia/Spotify)",
6912,Cardi B,Swae Lee,Someone Like U,song,2019,INVALIDA_CONFIRMADA,título inventado entre Cardi B e Swae Lee,não existe faixa 'Someone Like U' de Cardi B com Swae Lee; nenhuma colaboração entre eles (buscas Spotify/Genius),
6913,Megan Thee Stallion,Tyga,Freak Nasty,song,2019,INVALIDA_CONFIRMADA,"Freak Nasty é solo de Megan, não com Tyga","'Freak Nasty' é solo de Megan Thee Stallion (álbum Tina Snow), sem Tyga (Spotify/IMDb)",
6914,Megan Thee Stallion,Lil Durk,Pressurelicious,song,2022,INVALIDA_CONFIRMADA,"Pressurelicious é com Future, não Lil Durk","'Pressurelicious' de Megan é feat. Future, não Lil Durk (Wikipedia/Spotify)",
6920,Nicki Minaj,Lil Wayne,a milli (Remix),song,2010,INVALIDA_CONFIRMADA,A Milli é faixa solo de Lil Wayne,"remix oficial de 'A Milli' é o 'Freemix' solo de Lil Wayne, sem Nicki Minaj (Wikipedia)",
6921,Nicki Minaj,Post Malone,Rich Sex,song,2018,INVALIDA_CONFIRMADA,"Rich Sex de Nicki é com Lil Wayne, não Post Malone","'Rich Sex' de Nicki Minaj é feat. Lil Wayne, não Post Malone (Wikipedia/Spotify)",
6927,Jack Harlow,Lil Wayne,Nail Tech,song,2022,INVALIDA_CONFIRMADA,"Nail Tech é single solo de Jack Harlow, sem Lil Wayne","'Nail Tech' é solo de Jack Harlow; Lil Wayne está em 'Poison', não em Nail Tech (Wikipedia/Variety)",
6929,Jack Harlow,Justin Timberlake,What's Up (Feat. Lil Baby),song,2022,INVALIDA_CONFIRMADA,"faixa de Jack Harlow feat Lil Baby, não Justin Timberlake",álbum de Jack Harlow tem 'Parent Trap' feat. Justin Timberlake; não existe 'What's Up feat. Lil Baby' (Rolling Stone/Wikipedia),
6930,Jack Harlow,Lil Wayne,Common Ground,song,2022,INVALIDA_CONFIRMADA,sem faixa 'Common Ground' de Jack Harlow com Lil Wayne,"Wikipedia (Jackman): 'Common Ground' é faixa solo de Jack Harlow, álbum sem features; não Lil Wayne",
6931,Jack Harlow,Lil Baby,Common Ground,song,2022,INVALIDA_CONFIRMADA,sem faixa 'Common Ground' de Jack Harlow com Lil Baby,"Wikipedia (Jackman): 'Common Ground' é solo de Jack Harlow, álbum sem features; não Lil Baby",
6945,J. Cole,Kendrick Lamar,All the Stars (Remix),song,2018,INVALIDA_CONFIRMADA,"All the Stars é Kendrick com SZA, sem remix com J. Cole",Wikipedia: 'All the Stars' é Kendrick Lamar × SZA; não há remix oficial com J. Cole,
6946,J. Cole,Drake,All the Stars (Remix),song,2018,INVALIDA_CONFIRMADA,All the Stars não tem remix com Drake,Wikipedia: 'All the Stars' é Kendrick Lamar × SZA; não há remix oficial com Drake,
6952,ASAP Rocky,Kanye West,Phone Home,song,2019,INVALIDA_CONFIRMADA,sem faixa 'Phone Home' de ASAP Rocky com Kanye,"Wikipedia/YouTube: colab real Rocky+Kanye é 'Jukebox Joints', não existe 'Phone Home'",
6954,ASAP Rocky,Lil Wayne,Electric Body,song,2015,INVALIDA_CONFIRMADA,Electric Body não tem Lil Wayne,"WhoSampled/Wikipedia: 'Electric Body' feat. ScHoolboy Q, não Lil Wayne",
6971,Pusha T,Rick Ross,Drug Dealers Anonymous,song,2016,INVALIDA_CONFIRMADA,"Drug Dealers Anonymous é com Jay-Z, não Rick Ross","Wikipedia/Discogs: 'Drug Dealers Anonymous' feat. Jay-Z, não Rick Ross",
6994,Lil Uzi Vert,Travis Scott,No More Parties in LA (Remix),song,2016,INVALIDA_CONFIRMADA,"No More Parties in LA é Kanye/Kendrick, sem remix com Lil Uzi",Wikipedia/WhoSampled: 'No More Parties in LA' é Kanye feat. Kendrick; sem remix com Lil Uzi,
6995,Lil Uzi Vert,21 Savage,No More Parties in LA (Remix),song,2016,INVALIDA_CONFIRMADA,No More Parties in LA sem remix com 21 Savage,Wikipedia: 'No More Parties in LA' é Kanye feat. Kendrick; sem remix com 21 Savage,
7043,Pop Smoke,Gunna,Demeanor,song,2020,INVALIDA_CONFIRMADA,"Demeanor não tem Gunna, é com Dua Lipa","'Demeanor' do Pop Smoke é com Dua Lipa, não Gunna (wikipedia/rollingstone)",
7046,Pop Smoke,Future,For the Night,song,2020,INVALIDA_CONFIRMADA,"For the Night é com Lil Baby e DaBaby, não Future","'For the Night' do Pop Smoke tem Lil Baby e DaBaby, não Future (wikipedia/songfacts)",
7056,youngboy_nba,NBA YoungBoy,"Sincerely, Kentrell",album,2021,INVALIDA_CONFIRMADA,"mesmo artista duplicado, não é colaboração","'Sincerely, Kentrell' é álbum solo do NBA YoungBoy sem participações; artistas duplicados (wikipedia)",
7068,2 Chainz,Travis Scott,MFN Right,song,2012,INVALIDA_CONFIRMADA,MFN Right não tem Travis Scott; ano errado,"'MFN Right' de 2 Chainz é solo (2016); remix com Lil Wayne, não Travis Scott; ano 2012 errado (discogs/allmusic)",
7074,Rick Ross,Future,Bag of Money,song,2012,INVALIDA_CONFIRMADA,Bag of Money não tem Future,"'Bag of Money' é do Wale c/ Rick Ross, Meek Mill e T-Pain; não tem Future (wikipedia/appleMusic)",
7075,Rick Ross,Drake,Bag of Money,song,2012,INVALIDA_CONFIRMADA,Bag of Money não tem Drake,'Bag of Money' (Wale/Rick Ross/Meek Mill/T-Pain) não tem Drake (wikipedia/appleMusic),
7087,Mustard,Travis Scott,100 Bands,song,2019,INVALIDA_CONFIRMADA,100 Bands não inclui Travis Scott,"'100 Bands' do Mustard é com Quavo, 21 Savage, YG e Meek Mill; sem Travis Scott (wikipedia/hypebeast)",
7094,Mike WiLL Made-It,Kendrick Lamar,Tequila,song,2017,INVALIDA_CONFIRMADA,Humble/Tequila não bate; Tequila não é Mike WiLL/Kendrick,"Não existe 'Tequila' de Mike WiLL/Kendrick; colabs deles são Perfect Pint, Humble, DNA (wikipedia/npr)",
7097,French Montana,Lil Baby,Best Believe,song,2021,INVALIDA_CONFIRMADA,"Best Believe de French é com Drake, não Lil Baby",Não há 'Best Believe' de French Montana; 1ª colab French+Lil Baby foi 'Okay' em 2023 (uproxx/thesource),
7098,French Montana,Future,Best Believe,song,2021,INVALIDA_CONFIRMADA,"Best Believe é com Drake, não Future","Não existe 'Best Believe' de French Montana; álbum 2021 é 'They Got Amnesia', sem Future nesse título (hiphopdx/wikipedia)",
7100,Gucci Mane,Post Malone,Pick Up the Phone,song,2016,INVALIDA_CONFIRMADA,Pick Up the Phone não tem Post Malone,'Pick Up the Phone' é de Young Thug e Travis Scott c/ Quavo; não tem Gucci Mane nem Post Malone (grokipedia),
7102,Gucci Mane,Big Sean,"Beamer, Benz, or Bentley",song,2010,INVALIDA_CONFIRMADA,"Beamer Benz Bentley é Lloyd Banks, não Gucci/Big Sean","'Beamer, Benz, or Bentley' é de Lloyd Banks feat. Juelz Santana (2010), não Gucci Mane/Big Sean (en.wikipedia.org)",
7297,DBN Gogo,Kamo Mphela,Tshwala Bam,song,2023,INVALIDA_CONFIRMADA,"Tshwala Bam é de TitoM & Yuppe, não DBN Gogo/Kamo","Wikipedia: 'Tshwala Bam' é de TitoM & Yuppe feat. S.N.E/EeQue, não DBN Gogo/Kamo Mphela",
7322,Mellow & Sleazy,Kabza De Small,John Vuli Gate,song,2020,INVALIDA_CONFIRMADA,"John Vuli Gate é de Mapara A Jazz, não Mellow&Sleazy/Kabza","AllMusic/Deezer: 'John Vuli Gate' é de Mapara A Jazz feat. Ntosh Gazi & Colano, não Mellow&Sleazy/Kabza",
7324,Mellow & Sleazy,Focalistic,Ke Star 2.0,song,2022,INVALIDA_CONFIRMADA,"Ke Star é de Focalistic/Vigro Deep, não Mellow&Sleazy",Spotify/Wikipedia: 'Ke Star' é de Focalistic feat. Vigro Deep (remix c/ Davido); não existe 'Ke Star 2.0' c/ Mellow&Sleazy,
7355,Stino Le Thwenny,Mr JazziQ,Club Controller,song,2021,INVALIDA_CONFIRMADA,"Club Controller é de TimAideo/Lady Du, não Stino/Mr JazziQ","Shazam/Spotify: 'Club Controller' é de Prince Kaybee & LaSoulMates ft TNS/Zanda Zakuza, não Stino/Mr JazziQ",
7372,TKZee,Mandoza,Shibobo,song,1999,INVALIDA_CONFIRMADA,"Shibobo é só do TKZee, não com Mandoza","Discogs/Wikipedia: 'Shibobo' é de TKZee & Benni McCarthy, não com Mandoza",
7375,Zola 7,Mandoza,Nkalakatha,song,2000,INVALIDA_CONFIRMADA,"Nkalakatha é só do Mandoza, não feat. Zola 7","Discogs/Spotify: 'Nkalakatha' (2000) é solo de Mandoza, sem Zola 7",
7396,Lava Lava,Zuchu,Tetema,song,2022,INVALIDA_CONFIRMADA,"Tetema é de Rayvanny com Diamond, não Lava Lava com Zuchu",Wikipedia/Shazam: 'Tetema' é de Rayvanny feat. Diamond Platnumz; Lava Lava e Zuchu colaboram em 'Cherie' (2025),
7443,Aya Nakamura,Gims,Pookie,song,2019,INVALIDA_CONFIRMADA,"Pookie é solo de Aya Nakamura; remix tem Lil Pump, não Gims","Discogs/Qobuz: remixes de 'Pookie' (Aya Nakamura) têm Lil Pump e Capo Plaza, não Gims",
7444,Aya Nakamura,Tayc,Jolie,song,2021,INVALIDA_CONFIRMADA,"Jolie é colaboração de Tayc, mas par com Aya Nakamura não existe","YouTube/Shazam: colaboração Tayc + Aya Nakamura é 'VA LOIN'; 'Jolie madame' de Tayc é feat. Ronisia, não Aya",
7461,Vegedream,Aya Nakamura,Ramenez la Coupe,song,2018,INVALIDA_CONFIRMADA,"Ramenez la Coupe à la Maison é solo de Vegedream, sem Aya Nakamura","Wikipedia: 'Ramenez la coupe à la maison' (2018) é single solo de Vegedream, sem Aya Nakamura",
7467,Sidiki Diabate,Dadju,Joli Bébé,song,2020,INVALIDA_CONFIRMADA,"Joli Bébé é hit solo de Naza, não de Sidiki Diabate com Dadju","Wikipedia/Shazam: 'Joli bébé' (2020) é de Naza e Niska, não Sidiki Diabaté com Dadju",
7475,Stromae,Black Coffee,Quelqu'un M'a Dit Remix,song,2022,INVALIDA_CONFIRMADA,"Quelqu'un M'a Dit é de Carla Bruni, não Stromae","Spotify/Wikipedia: 'Quelqu'un m'a dit' é canção de Carla Bruni (2002), não de Stromae; sem remix de Black Coffee",
7477,Khaled,Cheb Mami,Aicha,song,1996,INVALIDA_CONFIRMADA,"Aïcha é solo de Khaled, não feat Cheb Mami",Wikipedia/Discogs: 'Aïcha' (1996) é solo de Khaled (composta por Goldman); Cheb Mami não está na gravação original (só em remix Soolking 2025),
7572,Focalistic,Drake,Ke Star (Toronto Edit),song,2021,INVALIDA_CONFIRMADA,"edição 'Toronto Edit' fabricada, sem feat real Focalistic×Drake","Spotify/TrendyBeatz: 'Ke Star (Remix)' credita Focalistic, Davido e Vigro Deep, não Drake; sem 'Toronto Edit'",
7579,Brenda Fassie,Arthur Mafokate,Vuli Ndlela Remix,song,2001,INVALIDA_CONFIRMADA,"'Vuli Ndlela' é de Brenda Fassie sozinha, remix com Arthur fabricado","WhoSampled/Discogs: remix de 'Vuli Ndlela' (1998) produzido por Sello Twala; remixes conhecidos são Master KG/Gregor Salto, não Arthur Mafokate",
7587,Oliver Mtukudzi,Angélique Kidjo,Neria Remix,song,2008,INVALIDA_CONFIRMADA,"'Neria' é de Tuku, remix com Kidjo fabricado","zimlive.com: remix de 'Neria' foi com Ladysmith Black Mambazo, não Angélique Kidjo",
7625,Justin Bieber,DJ Khaled,I Believe,song,2018,INVALIDA_CONFIRMADA,'I Believe' não é colaboração documentada Bieber×DJ Khaled,"Wikipedia/Grammy: 'I Believe' (2018) é DJ Khaled feat. Demi Lovato, sem Justin Bieber",
7656,Future,Travis Scott,Beibs in the Trap,song,2017,INVALIDA_CONFIRMADA,"'Beibs in the Trap' tem NAV, não Future","Wikipedia/Spotify: 'Beibs in the Trap' é Travis Scott feat. NAV, não Future",
7665,Khalid,Swae Lee,Know Your Worth,song,2020,INVALIDA_CONFIRMADA,"'Know Your Worth' remix tem Davido e Tems, não Swae Lee","Wikipedia/Spotify: 'Know Your Worth' é Khalid & Disclosure (remix c/ Davido e Tems), sem Swae Lee",
7672,DJ Khaled,SZA,Higher,song,2019,INVALIDA_CONFIRMADA,"'Higher' tem Nipsey Hussle e John Legend, não SZA","Wikipedia/Spotify: 'Higher' é DJ Khaled feat. Nipsey Hussle e John Legend, não SZA",
7688,Jack Harlow,Quavo,Way Out,song,2021,INVALIDA_CONFIRMADA,"'Way Out' de Jack Harlow tem Big Sean, não Quavo","Wikipedia/Spotify: 'Way Out' é Jack Harlow feat. Big Sean, não Quavo",
7689,Calvin Harris,Pharrell Williams,Rollin,song,2016,INVALIDA_CONFIRMADA,"'Rollin' de Calvin Harris tem Future e Khalid, não Pharrell","Wikipedia/Discogs: 'Rollin' é Calvin Harris feat. Future e Khalid, não Pharrell",
7693,Juice WRLD,Lil Uzi Vert,Feline,song,2019,INVALIDA_CONFIRMADA,"'Feline' tem Polo G e Trippie Redd, não Lil Uzi Vert","Spotify/Amazon: 'Feline' é Juice WRLD com Polo G e Trippie Redd, não Lil Uzi Vert",
7699,Ty Dolla $ign,Future,Bang,song,2018,INVALIDA_CONFIRMADA,"colab Ty Dolla/Future/Swae é 'Don't Judge Me', não 'Bang'","Spotify/Discogs: colab Ty Dolla/Future/Swae é 'Don't Judge Me', não existe 'Bang'",
7700,Ty Dolla $ign,Swae Lee,Bang,song,2018,INVALIDA_CONFIRMADA,"colab Ty Dolla/Swae/Future é 'Don't Judge Me', não 'Bang'","Spotify/Discogs: colab Ty Dolla/Swae/Future é 'Don't Judge Me', não existe 'Bang'",
7701,Gorillaz,Beck,Hollywood,song,2018,INVALIDA_CONFIRMADA,"'Hollywood' do Gorillaz tem Snoop Dogg, não Beck","Wikipedia/Spotify: 'Hollywood' do Gorillaz é feat. Snoop Dogg e Jamie Principle, não Beck",
7831,Tierry,Wesley Safadão,Só Quer Vrau,feature,2018,INVALIDA_CONFIRMADA,"'Só Quer Vrau' é de MC MM/DJ RD, não Tierry com Safadão","Cifra Club/letras/Spotify: 'Só Quer Vrau' é de MC MM & DJ RD, não Tierry com Wesley Safadão",
7871,Aldair Playboy,Garota Safada,Piseiro Antigo,song,2012,INVALIDA_CONFIRMADA,Aldair Playboy não atuava em 2012; cronologia inconsistente,"Wikipedia: Aldair Playboy (nasc.1996) só iniciou carreira em 2017; em 2012 não atuava, colab com Garota Safada impossível",
7887,Léo Santana,Ivete Sangalo,Que Tiro Foi Esse,feature,2018,INVALIDA_CONFIRMADA,"'Que Tiro Foi Esse' é de Jojo Todynho, não Léo Santana feat Ivete","Wikipedia/LETRAS: 'Que Tiro Foi Esse' é single de Jojo Maronttinni (Todynho) 2017-18, não Léo Santana feat Ivete",
7890,Ximbinha,Joelma,Eletroaxé,album,2005,INVALIDA_CONFIRMADA,Ximbinha e Joelma são da Banda Calypso; álbum 'Eletroaxé' inventado,"Wikipedia (Discografia Banda Calypso): não existe álbum 'Eletroaxé'; Ximbinha e Joelma são a própria Banda Calypso (gênero calypso, não axé)",
7891,Ximbinha,Banda Calypso,Calypso e Arrocha,live,2009,INVALIDA_CONFIRMADA,Ximbinha É da Banda Calypso; colaboração consigo mesmo inventada,"Wikipedia/Archive: DVD Banda Calypso de 2009 é '10 Anos Ao Vivo Em Recife', não 'Calypso e Arrocha'; Ximbinha é membro da própria banda",
7901,Claudia Leitte,Anitta,Largadinho,song,2013,INVALIDA_CONFIRMADA,"'Largadinho' é solo de Claudia Leitte, sem Anitta","Spotify/Discogs: 'Largadinho' (2013) é de Claudia Leitte solo (versão feat. Anselmo Ralph), sem Anitta",
8035,Rastapé,Luiz Gonzaga,Pé de Serra,live,2002,INVALIDA_CONFIRMADA,"Luiz Gonzaga morreu em 1989, live 2002 impossível","Luiz Gonzaga morreu em 1989 e Rastapé só surgiu em 1999; live conjunta em 2002 impossível, sem registro (pt.wikipedia / letras.mus.br)",
8232,Jammil,Claudia Leitte,Lepo Lepo,song,2013,INVALIDA_CONFIRMADA,"Lepo Lepo é do Psirico, não Jammil com Claudia Leitte","'Lepo Lepo' é do Psirico (Márcio Victor), não Jammil com Claudia Leitte (last.fm/spotify)",
8293,Irmão do Jorel,Clarice Falcão,Mundo dos Desenhos,song,2015,INVALIDA_CONFIRMADA,"Irmão do Jorel é desenho animado, não artista musical","Fandom Irmão do Jorel: músicas do desenho compostas pelos criadores (Furlan/Chico Cuica), sem colaboração com Clarice Falcão nem faixa 'Mundo dos Desenhos'",
8294,Irmão do Jorel,Anavitória,Animação Ao Vivo,live,2016,INVALIDA_CONFIRMADA,Irmão do Jorel não é artista musical,"Fandom Irmão do Jorel: é desenho animado, não artista; sem colaboração com Anavitória",
8377,Angra,Sepultura,Metal Brasil Festival,live,2002,INVALIDA_CONFIRMADA,"festival fictício, não é colaboração documentada","evento conjunto Sepultura×Angra foi Carnaval de Salvador em 2016, não 'Metal Brasil Festival' 2002 (Blabbermouth/Ligado à Música)",
8378,Cartola,Zeca Pagodinho,Samba Clássico (Tributo),live,1999,INVALIDA_CONFIRMADA,Cartola morreu em 1980; impossível live 1999,"Cartola morreu em 1980; Zeca fez tributo cobrindo Cartola, mas live 1999 com Cartola é impossível (Gazeta do Povo)",
8380,Lukas Graham (BR),Anavitória,Acoustic Session,ep,2019,INVALIDA_CONFIRMADA,"'Lukas Graham (BR)' fictício, fabricação",'Lukas Graham (BR)' inexistente; nenhum EP acústico com Anavitória documentado (Wikipedia Lukas Graham),
8382,Lukas Graham (BR),Jovem Dionisio,Pop Novo BR,song,2022,INVALIDA_CONFIRMADA,"'Lukas Graham (BR)' fictício, fabricação",'Lukas Graham (BR)' inexistente; nenhuma colab 'Pop Novo BR' com Jovem Dionisio documentada (Wikipedia/CNN Brasil),
8384,DJ Snake,-M-,Lean On,song,2015,INVALIDA_CONFIRMADA,"Lean On é Major Lazer/DJ Snake/MØ, não -M-","'Lean On' (2015) é Major Lazer x DJ Snake feat. MØ, não -M- (Discogs/Wikipedia)",
8406,Nicky Jam,Becky G,Sin Pijama,song,2018,INVALIDA_CONFIRMADA,"Sin Pijama é Becky G & Natti Natasha, não Nicky Jam","'Sin Pijama' (2018) é Becky G & Natti Natasha, sem Nicky Jam (Wikipedia/Discogs)",
8424,Peso Pluma,Bad Bunny,Tití Me Preguntó (Remix),song,2023,INVALIDA_CONFIRMADA,Tití Me Preguntó não tem remix com Peso Pluma,Só existem remixes de fãs (SoundCloud/Bandcamp); não há remix oficial de 'Tití Me Preguntó' com Peso Pluma,
8425,Peso Pluma,Nicki Minaj,Teka,song,2023,INVALIDA_CONFIRMADA,"Teka é Peso Pluma & DJ Snake, não Nicki Minaj","RateYourMusic/Spotify: 'Teka' é DJ Snake & Peso Pluma, não Nicki Minaj",
8439,G-Dragon,Jennie,That XX,song,2012,INVALIDA_CONFIRMADA,"That XX é solo de G-Dragon, não feat Jennie","Wikipedia: 'That XX' é solo de G-Dragon; Jennie só atua no clipe, não canta",
8456,Dolly Parton,Whitney Houston,I Will Always Love You,song,1992,INVALIDA_CONFIRMADA,"I Will Always Love You é solo de Whitney, não dueto com Dolly",Wikipedia: versão de 1992 de 'I Will Always Love You' é solo de Whitney; nunca houve dueto com Dolly Parton,
8464,Kacey Musgraves,Zedd,Beautiful Noise,song,2022,INVALIDA_CONFIRMADA,"Beautiful Noise é de Zedd com Alessia Cara/Khalid, não Musgraves","Wikipedia: não existe 'Beautiful Noise' de Kacey Musgraves x Zedd; Zedd tem 'Beautiful Now' feat. Jon Bellion (2015), sem Musgraves",
8467,Morgan Wallen,Jason Aldean,Up Down,song,2017,INVALIDA_CONFIRMADA,"Up Down é de Morgan Wallen com Florida Georgia Line, não Jason Aldean","Wikipedia/Spotify: 'Up Down' (2017) é de Morgan Wallen feat. Florida Georgia Line, não Jason Aldean",
8468,Morgan Wallen,HARDY,WASTED ON YOU,song,2021,INVALIDA_CONFIRMADA,"Wasted on You é solo de Morgan Wallen, sem HARDY","Wikipedia/Billboard: 'Wasted on You' credita Wallen, Vojtesak, Ernest e Josh Thompson, sem HARDY",
8480,Tim McGraw,Taylor Swift,Tim McGraw,song,2006,INVALIDA_CONFIRMADA,"Tim McGraw é canção de Taylor Swift sobre ele, não dueto","Wikipedia: 'Tim McGraw' é single solo de Taylor Swift (2006) sobre ele, não dueto com Tim McGraw",
8514,Mano Brown,Criolo,Não Existe Amor em SP,song,2011,INVALIDA_CONFIRMADA,"Não Existe Amor em SP é de Criolo solo (2011), sem Mano Brown",Spotify/Letras: 'Não Existe Amor em SP' é composição solo de Criolo (2011); Mano Brown não consta na faixa,
8542,MC Livinho,Anitta,Funk Rave,song,2019,INVALIDA_CONFIRMADA,Funk Rave é de Anitta solo (2023); MC Livinho não é feature,"IMDb/Spotify: 'Funk Rave' é solo de Anitta (2023); MC Livinho colabora em outra faixa ('Sem Freio'), não nesta",
8564,Prince,Beyoncé,Why Don't You Love Me,song,2012,INVALIDA_CONFIRMADA,"música solo da Beyoncé, sem Prince","'Why Don't You Love Me' é solo de Beyoncé, escrito por Beyoncé/Solange/Beyincé, sem Prince (en.wikipedia.org)",
8579,Romeo Santos,Nicki Minaj,Fútbol y Rumba,song,2021,INVALIDA_CONFIRMADA,"Fútbol y Rumba é com Anuel AA, não Nicki",'Fútbol y Rumba' é de Enrique Iglesias com Anuel AA; não é de Romeo Santos nem Nicki Minaj (letras.com),
8587,Maiara & Maraisa,Henrique & Juliano,Que Tiro Foi Esse (Remix),song,2019,INVALIDA_CONFIRMADA,Que Tiro Foi Esse é da Jojo Maronttinni,"'Que Tiro Foi Esse' é de Jojo Maronttinni; sem remix de Maiara & Maraisa com Henrique & Juliano (letras.mus.br, open.spotify.com)",
8593,Pitty,Charlie Brown Jr.,Pit Bull Meets Charlie,song,2005,INVALIDA_CONFIRMADA,"título fabricado, sem registro",Nenhum registro de faixa 'Pit Bull Meets Charlie' de Pitty com Charlie Brown Jr.; título inexistente (open.spotify.com),
8651,Lauren Daigle,Hillsong United,Open Up the Heavens,song,2018,INVALIDA_CONFIRMADA,"Open Up the Heavens é do Vertical, não Daigle/Hillsong","Spotify/Wikipedia: 'Open Up the Heavens' é do Vertical Worship feat. Andi Rozier & Meredith Andrews, não Daigle/Hillsong",
8698,TobyMac,Justin Bieber,Love Never Fails,feature,2012,INVALIDA_CONFIRMADA,"TobyMac feat. Justin Bieber inexistente, fabricação",Wikipedia: 'Love Never Fails' é canção do Brandon Heath (2009); colaboração TobyMac feat. Justin Bieber inexistente,
8711,for KING & COUNTRY,Casting Crowns,Proof of Your Love,song,2014,INVALIDA_CONFIRMADA,"Proof of Your Love é for KING & COUNTRY sozinho, sem Casting Crowns","Wikipedia: 'The Proof of Your Love' é do for KING & COUNTRY (versão feat. Rebecca St. James), sem Casting Crowns",
8723,Switchfoot,Relient K,The Beautiful Letdown,live,2004,INVALIDA_CONFIRMADA,"The Beautiful Letdown é álbum solo do Switchfoot, sem Relient K","Wikipedia: 'The Beautiful Letdown' (2003) é álbum solo do Switchfoot; Relient K só participou de faixa 'Ammunition' na regravação de 2023, não 2004",
8734,Jars of Clay,Switchfoot,Flood,live,2000,INVALIDA_CONFIRMADA,'Flood' é de Jars of Clay; Switchfoot não participa dessa música,Wikipedia: 'Flood' é single de estreia de Jars of Clay (1996); Switchfoot não participa da gravação,
8749,Paul Baloche,Don Moen,Your Grace Is Enough,live,2007,INVALIDA_CONFIRMADA,"'Your Grace Is Enough' é de Matt Maher/Tomlin, não de Baloche x Moen",umcdiscipleship.org: 'Your Grace Is Enough' foi escrita por Matt Maher; não é composição/gravação de Baloche x Moen,
8754,Israel Houghton,William McDowell,I Give Myself Away,live,2013,INVALIDA_CONFIRMADA,'I Give Myself Away' é de William McDowell; Houghton não é coautor dessa,christiantoday: 'I Give Myself Away' é de William McDowell e Sam Hinn; Houghton fez cover mas não é coautor/creditado na faixa de McDowell,
8762,Mary Mary,Tasha Cobbs Leonard,Go Get It,song,2013,INVALIDA_CONFIRMADA,'Go Get It' é das Mary Mary; não é colaboração com Tasha Cobbs,Wikipedia/Discogs: single 'Go Get It' é solo das Mary Mary; Tasha Cobbs não é creditada como feature na faixa,
8764,Marvin Sapp,Fred Hammond,Never Would Have Made It,song,2007,INVALIDA_CONFIRMADA,'Never Would Have Made It' é de Marvin Sapp; não é colaboração com Fred Hammond,Discogs/CBN: 'Never Would Have Made It' é single solo de Marvin Sapp (2007); Fred Hammond não é feature na música,
8787,Jekalyn Carr,Tasha Cobbs Leonard,Greater Is Coming,song,2016,INVALIDA_CONFIRMADA,'Greater Is Coming' é de Jekalyn Carr; não é colaboração com Tasha Cobbs,Wikipedia: 'Greater Is Coming' é single de estreia solo de Jekalyn Carr; Tasha Cobbs não participa dessa faixa,
8788,Koryn Hawthorne,Lecrae,Won't He Do It,song,2017,INVALIDA_CONFIRMADA,'Won't He Do It' é de Koryn Hawthorne; não é colaboração com Lecrae,RCA Inspiration/Shazam: 'Won't He Do It' é estreia solo de Koryn Hawthorne (remix c/ Roshon Fegan); Lecrae aparece só em 'Unstoppable' (2019),
8808,Propaganda,Sho Baraka,Precious Puritans,song,2012,INVALIDA_CONFIRMADA,'Precious Puritans' é solo de Propaganda; Sho Baraka não participa,"Discogs: em 'Precious Puritans' o feature é Kevin 'K.O.' Olusola (cello); Sho Baraka aparece em outra faixa do álbum, não nessa",
8820,Mercy Chinwo,Sinach,Excess Love,song,2019,INVALIDA_CONFIRMADA,"Excess Love é de Mercy Chinwo sozinha, não colab com Sinach","Spotify: 'Excess Love' é de Mercy Chinwo solo; versão feat. é JJ Hairston, não Sinach",
8845,Flyleaf,Skillet,All Around Me,song,2007,INVALIDA_CONFIRMADA,"All Around Me é do Flyleaf sozinho, não colab com Skillet","Wikipedia: 'All Around Me' é do Flyleaf (Lacey Mosley et al.); Skillet apenas turnê, sem crédito",
8846,Relient K,Switchfoot,Sadie Hawkins Dance,live,2004,INVALIDA_CONFIRMADA,"Sadie Hawkins Dance é do Relient K, não colab com Switchfoot","Spotify/Wikipedia: 'Sadie Hawkins Dance' é do Relient K solo, sem Switchfoot na faixa",
8872,Twila Paris,Michael W. Smith,How Beautiful,song,1992,INVALIDA_CONFIRMADA,"How Beautiful é de Twila Paris, não colab com Michael W. Smith","Wikipedia (Cry for the Desert): 'How Beautiful' escrita e cantada por Twila Paris solo, sem duet com Michael W. Smith",
8931,Clairo,Lorde,Scene Collaboration,song,2021,INVALIDA_CONFIRMADA,título genérico 'Scene Collaboration'; sem colaboração real Clairo×Lorde,Rolling Stone/NME: colabs reais Clairo×Lorde são 'Blouse' e 'Solar Power'; não existe faixa 'Scene Collaboration',
8936,beabadoobee,PinkPantheress,Indie UK Scene,song,2022,INVALIDA_CONFIRMADA,título genérico 'Indie UK Scene'; fabricação,"Rolling Stone/Spotify: colab real beabadoobee×PinkPantheress é 'tinkerbell is overrated' (Beatopia 2022), não 'Indie UK Scene'",
8938,Rex Orange County,Conan Gray,Scene Friends Feature,song,2020,INVALIDA_CONFIRMADA,título genérico 'Scene Friends Feature'; fabricação,Wikipedia lista de colabs de Conan Gray e Rex Orange County não mostra faixa conjunta; 'Scene Friends Feature' é título genérico inexistente,
8943,Omar Apollo,Kali Uchis,Scene Pairing,song,2021,INVALIDA_CONFIRMADA,título genérico 'Scene Pairing'; fabricação,"Rolling Stone/FADER: colabs reais Omar Apollo×Kali Uchis são 'Bad Life' e 'Hey Boy', não 'Scene Pairing'",
8945,Dominic Fike,Lorde,Good Days (Feature),song,2021,INVALIDA_CONFIRMADA,'Good Days' é da SZA; feature Dominic Fike×Lorde inexistente,"Wikipedia/Billboard: 'Good Days' é da SZA com Jacob Collier no refrão, não Dominic Fike×Lorde",
8948,Girl in Red,Clairo,Teenage Scene,song,2020,INVALIDA_CONFIRMADA,título genérico 'Teenage Scene'; fabricação,Nenhum registro de faixa 'Teenage Scene' com Girl in Red e Clairo; só playlists de fãs (Spotify/Fandom),
8950,Girl in Red,boygenius,Queer Folk Feature,live,2022,INVALIDA_CONFIRMADA,título genérico 'Queer Folk Feature'; fabricação,Wikipedia/Rolling Stone: girl in red nunca integrou/gravou com boygenius; não existe 'Queer Folk Feature',
8951,Gus Dapperton,beabadoobee,Indie Pop Collab,song,2021,INVALIDA_CONFIRMADA,título genérico 'Indie Pop Collab'; fabricação,"Wikipedia/DIY: colabs de Gus Dapperton são com BENEE/Surf Mesa etc., nenhuma com beabadoobee",
8957,Bon Iver,Caroline Polachek,Bon Iver Collab,song,2019,INVALIDA_CONFIRMADA,título genérico 'Bon Iver Collab'; sem colab documentada com Caroline Polachek,Wikipedia/Brooklyn Vegan: sem colab Bon Iver x Caroline Polachek; só ambos no remix album da Charli XCX,
8958,Sylvan Esso,Wye Oak,Electronic Folk Feature,song,2018,INVALIDA_CONFIRMADA,título genérico 'Electronic Folk Feature'; fabricação,"Exclaim/NPR: colab Sylvan Esso x Wye Oak é 'Echo Mountain Sessions' 2017, não 'Electronic Folk Feature'",
8959,Sylvan Esso,Flock of Dimes,Mountain Sessions,live,2019,INVALIDA_CONFIRMADA,título genérico 'Mountain Sessions'; fabricação,"Brooklyn Vegan: colab ao vivo com Flock of Dimes é a turnê/álbum 'WITH' (2019), não 'Mountain Sessions'",
8961,100 gecs,SOPHIE,Hyperpop Feature,song,2020,INVALIDA_CONFIRMADA,título genérico 'Hyperpop Feature'; fabricação,"Wikipedia tracklist 'Tree of Clues' 2020 lista Hannah Diamond/A.G. Cook, não SOPHIE; sem 'Hyperpop Feature'",
8964,100 gecs,Slayyyter,Hyperpop Scene,song,2021,INVALIDA_CONFIRMADA,título genérico 'Hyperpop Scene'; fabricação,Album of the Year/Wikipedia: discografia 100 gecs sem faixa com Slayyyter chamada 'Hyperpop Scene',
8970,SOPHIE,A. G. Cook,Hyperpop Collab,song,2018,INVALIDA_CONFIRMADA,título genérico 'Hyperpop Collab'; fabricação,"Wikipedia: colab SOPHIE x A.G. Cook é 'Hey QT' (2014, projeto QT), não 'Hyperpop Collab' 2018",
8972,SOPHIE,Hannah Diamond,PC Music Feature,song,2015,INVALIDA_CONFIRMADA,título genérico 'PC Music Feature'; fabricação,"Wikipedia/Face: faixa SOPHIE+Hannah Diamond é 'Paradise' (Charli XCX, 2016); não existe 'PC Music Feature' 2015",
8974,A. G. Cook,Slayyyter,Hyperpop Feature,song,2021,INVALIDA_CONFIRMADA,título genérico 'Hyperpop Feature'; fabricação,"Last.fm/Beatport: A.G. Cook fez remix de 'Click' da Slayyyter, sem faixa creditada 'Hyperpop Feature'",
8982,Japanese Breakfast,Sufjan Stevens,Folk Pop Scene,live,2021,INVALIDA_CONFIRMADA,título genérico 'Folk Pop Scene'; fabricação,"Japanese Breakfast so fez cover de 'Romulus' de Sufjan em 2021, nao show conjunto 'Folk Pop Scene' (consequence.net)",
8984,Snail Mail,Soccer Mommy,Indie Rock Feature,song,2020,INVALIDA_CONFIRMADA,título genérico 'Indie Rock Feature'; fabricação,"Colaboracao real foi cover de 'Iris' do Goo Goo Dolls ao vivo, nao musica 'Indie Rock Feature' (stereogum.com)",
8986,Soccer Mommy,Jay Som,Bedroom Pop Collab,song,2019,INVALIDA_CONFIRMADA,título genérico 'Bedroom Pop Collab'; fabricação,"Soccer Mommy e Jay Som trocaram covers na Singles Series, nao musica 'Bedroom Pop Collab' (exclaim.ca)",
8988,Mitski,Sharon Van Etten,Always Forever,song,2019,INVALIDA_CONFIRMADA,'Always Forever' não é dueto Mitski×Sharon Van Etten; fabricação,"'Always Forever' e de Cults/Bryson Tiller/Romy, nao dueto Mitski x Sharon Van Etten (wikipedia.org)",
8995,Angel Olsen,Sharon Van Etten,Lark (Remix),song,2021,INVALIDA_CONFIRMADA,'Lark' é da Angel Olsen; remix com Sharon Van Etten inexistente,"'Lark' e solo da Angel Olsen; colab real com SVE e 'Like I Used To', remix inexistente (rollingstone.com)",
9117,Lorde,Bon Iver,Liability (Feature),song,2017,INVALIDA_CONFIRMADA,"'Liability' é solo da Lorde, não feature do Bon Iver","Wikipedia: 'Liability' (Melodrama) é faixa solo da Lorde, sem feat. de Bon Iver",
9291,Rels B,Quevedo,Safaera,song,2022,INVALIDA_CONFIRMADA,"'Safaera' é de Bad Bunny/Jowell&Randy, não Rels B/Quevedo","Wikipedia: 'Safaera' é de Bad Bunny com Jowell & Randy e Ñengo Flow, não Rels B/Quevedo",
9293,Rels B,Recycled J,Con Calma,song,2020,INVALIDA_CONFIRMADA,"'Con Calma' é de Daddy Yankee/Snow, não Rels B/Recycled J","Wikipedia/Discogs: 'Con Calma' é de Daddy Yankee feat. Snow, não Rels B/Recycled J",
9299,Feid,Justin Quiles,Yandel 150,song,2023,INVALIDA_CONFIRMADA,"'Yandel 150' é de Yandel/Feid, não Feid/Justin Quiles","Wikipedia: 'Yandel 150' credita Yandel e Feid (remix c/ Daddy Yankee), não Justin Quiles",
9308,Peso Pluma,Ke Personajes,El Tóxico,song,2023,INVALIDA_CONFIRMADA,'El Tóxico' é de Grupo Firme; não Peso Pluma/Ke Personajes,"Spotify/IMDb: 'El Tóxico' é de Grupo Firme feat. Carín León, não Peso Pluma/Ke Personajes",
9311,Peso Pluma,Marca MP,Grupo Firme y Peso,song,2023,INVALIDA_CONFIRMADA,"título fabricado 'Grupo Firme y Peso', não é faixa real",Nenhuma faixa 'Grupo Firme y Peso' de Peso Pluma/Marca MP encontrada; título fabricado (letras.com/Spotify),
9312,Natanael Cano,Junior H,Con Altura,song,2021,INVALIDA_CONFIRMADA,"'Con Altura' é de Rosalía/J Balvin, não Natanael/Junior H","Wikipedia: 'Con Altura' é de Rosalía, J Balvin e El Guincho, não Natanael Cano/Junior H",
9314,Natanael Cano,Ke Personajes,El Color de Tus Ojos,song,2022,INVALIDA_CONFIRMADA,'El Color de Tus Ojos' é de Banda MS; não Natanael/Ke Personajes,"Wikipedia: 'El Color de Tus Ojos' é de Octubre Doce/Banda MS (versão c/ Natalia Jiménez), não Natanael/Ke Personajes",
9346,Rauw Alejandro,Farruko,La Nota,song,2021,INVALIDA_CONFIRMADA,'La Nota' é de Manuel Turizo/Rauw/Myke; não Rauw/Farruko,"Wikipedia: 'La Nota' é de Manuel Turizo, Rauw Alejandro e Myke Towers, não Farruko",
9348,Lunay,Sech,Soltera,song,2019,INVALIDA_CONFIRMADA,"'Soltera' é de Lunay/Daddy Yankee/Bad Bunny, não Lunay/Sech","Spotify/letras.com: 'Soltera (Remix)' é de Lunay, Daddy Yankee e Bad Bunny, não Sech",
9349,Lunay,Dalex,Cuatro Babys,song,2019,INVALIDA_CONFIRMADA,"'Cuatro Babys' é de Maluma, não Lunay/Dalex","Wikipedia: 'Cuatro Babys' é de Maluma feat. Noriel, Bryant Myers e Juhn, não Lunay/Dalex",
9353,Dalex,Lenny Tavárez,Adán y Eva,song,2019,INVALIDA_CONFIRMADA,"'Adán y Eva' é de Paulo Londra, não Dalex/Lenny Tavárez","Wikipedia: 'Adán y Eva' é solo de Paulo Londra, não Dalex/Lenny Tavárez",
9424,Sebastián Yatra,Camilo,Tutu,song,2019,INVALIDA_CONFIRMADA,"'Tutu' é Camilo & Pedro Capó (e Shakira remix), não Yatra","Spotify/Wikipedia: 'Tutu' é Camilo & Pedro Capó (remix Shakira), não Yatra",
9484,Arcángel,Jhay Cortez,Mamiii,song,2022,INVALIDA_CONFIRMADA,"Mamiii é de Becky G e Karol G, não Arcángel e Jhay Cortez","Wikipedia/Spotify: 'Mamiii' (2022) é de Becky G & Karol G, não Arcángel e Jhay Cortez",
9640,Villano Antillano,Bad Bunny,Quevedo Remix,song,2022,INVALIDA_CONFIRMADA,Quevedo Remix não existe entre Villano e Bad Bunny,Colab de Villano Antillano é BZRP Sessions #51 com Bizarrap; 'Quevedo Remix' com Bad Bunny não existe,
9644,Manuel Turizo,Karol G,El Makinon,song,2022,INVALIDA_CONFIRMADA,"El Makinon é Karol G/Mariah Angeliq, não Turizo","Wikipedia/Spotify: 'El Makinón' é de KAROL G e Mariah Angeliq, não Manuel Turizo",
9646,Mora,Anuel AA,Secreto,song,2021,INVALIDA_CONFIRMADA,"Secreto é de Anuel/Karol G, não Mora","Discogs/Spotify: 'Secreto' é de Anuel AA e KAROL G, não Mora",
9647,Lunay,Anuel AA,Adán y Eva,song,2019,INVALIDA_CONFIRMADA,"Adán y Eva é de Paulo Londra, não Lunay/Anuel","Wikipedia: 'Adán y Eva' é solo de Paulo Londra, não Lunay/Anuel",
9659,Plan B,Nicky Jam,Algo Me Gusta de Ti,song,2018,INVALIDA_CONFIRMADA,"Algo Me Gusta de Ti é Wisin & Yandel, não Plan B/Nicky","Wikipedia/Spotify: 'Algo Me Gusta de Ti' é de Wisin & Yandel feat. Chris Brown e T-Pain, não Plan B/Nicky Jam",
9673,Paulo FG,Lasso,La Vida Es Buena,song,2022,INVALIDA_CONFIRMADA,"título genérico, colaboração improvável","'La Vida Es Buena' conhecida é de Descemer Bueno feat. Issac Delgado, não Paulo FG+Lasso (letras.com/spotify)",
9675,Taburete,Carlos Rivera,Valerie,song,2023,INVALIDA_CONFIRMADA,Valerie não é canção de Taburete/Carlos Rivera,'Valerie' é canção famosa de The Zutons/Amy Winehouse; sem versão Taburete+Carlos Rivera (letras.com),
9682,Amr Diab,Tarkan,Tamally Maak,song,2001,INVALIDA_CONFIRMADA,"Tamally Maak é solo de Amr Diab, não dueto com Tarkan","Wikipedia: 'Tamally Maak' é solo de Amr Diab (2000), não dueto com Tarkan",
9702,Balti,Flenn,Ya Lili,song,2017,INVALIDA_CONFIRMADA,"Ya Lili é Balti feat. Hamouda, não Flenn","'Ya Lili' credita Balti feat. Hamouda, não Flenn (Wikipedia/Spotify/IMDb)",
9728,Static & Ben El,DJ Snake,Taki Taki Remix,song,2019,INVALIDA_CONFIRMADA,"Taki Taki é Selena/Cardi/Ozuna, não Static & Ben El","Wikipedia/Spotify: 'Taki Taki' é DJ Snake feat. Selena, Ozuna, Cardi B; sem Static & Ben El",
9744,Kathem Al Saher,Kadim Al Saher,Sotak Aghla,song,2007,INVALIDA_CONFIRMADA,Kathem e Kadim Al Saher são o mesmo artista,Wikipedia/Encyclopedia: Kathem e Kadim Al Saher são o mesmo artista (transliterações de Kazem Al-Saher),
9758,Cheb Khaled,Saad Lamjarred,Maghrebi Spirit,song,2017,INVALIDA_CONFIRMADA,título fabricado tipo 'Maghrebi Spirit',Spotify/Amazon: colab real Khaled x Saad Lamjarred é 'Aicha'; título 'Maghrebi Spirit' não existe,
9761,Rachid Taha,Cheb Akil,Rock El Casbah,song,2004,INVALIDA_CONFIRMADA,"Rock El Casbah é de Rachid Taha solo, dueto fabricado","Discogs/SecondHandSongs: 'Rock El Casbah' (2004) é single solo de Rachid Taha (cover do Clash), sem Cheb Akil",
9783,Noa Kirel,Netta Barzilai,Israel Power,song,2021,INVALIDA_CONFIRMADA,título fabricado 'Israel Power',Jerusalem Post/Times of Israel: Kirel e Netta só fizeram remix viral de 'Unicorn/Toy' no Eurovision 2023; faixa 'Israel Power' inexistente,
9797,Infected Mushroom,Marshmello,Saeed EDM,song,2019,INVALIDA_CONFIRMADA,título fabricado 'Saeed EDM' Infected x Marshmello,"Spotify/Wikipedia: 'Saeed' é faixa solo do Infected Mushroom (álbum 2009 Black Shawarma), sem Marshmello",
9924,Shahram Nazeri,Ebi,Persian Heritage,song,2009,INVALIDA_CONFIRMADA,título 'Persian Heritage' descritivo fabricado,"Shahram Nazeri e Ebi colaboraram em 'Royay e Ma'/'A Dream' (2012), não em 'Persian Heritage' (Wikipedia)",
9933,French Montana,Massari,All The Way Up Arabic,song,2016,INVALIDA_CONFIRMADA,'All The Way Up Arabic' fabricação de remix,Colaboração real French Montana+Massari é remix de 'Nour El Ein' (2019); 'All The Way Up' é de Fat Joe/Remy Ma (thenationalnews/Spotify),
9934,DJ Snake,Marshmello,Taki Taki,song,2018,INVALIDA_CONFIRMADA,"Taki Taki é DJ Snake feat Selena/Ozuna/Cardi, não Marshmello","'Taki Taki' credita DJ Snake ft. Selena Gomez, Ozuna e Cardi B; Marshmello não consta (Discogs/IMDb)",
9935,Marshmello,Massari,Happier Nights,song,2019,INVALIDA_CONFIRMADA,"'Happier Nights' fabricação, par improvável",'Happier' é de Marshmello ft. Bastille; não existe 'Happier Nights' com Massari (Wikipedia/Spotify),
9941,Gims,Balti,Ya Lili Remix,song,2018,INVALIDA_CONFIRMADA,'Ya Lili Remix' atribuição fabricada,"'Ya Lili' é de Balti ft. Hamouda; remixes por Cyril M etc., não por Gims (Spotify/musicme)",
9950,Gal Gadot,Noa Kirel,Israeli Icons,song,2017,INVALIDA_CONFIRMADA,"Gal Gadot é atriz, não cantora; título fabricado","Wikipedia: Gal Gadot é atriz, não cantora; nenhum song 'Israeli Icons' com Noa Kirel",
9951,Gal Gadot,Dana International,Wonder Woman Collab,song,2018,INVALIDA_CONFIRMADA,'Wonder Woman Collab' fabricação óbvia,IMDb soundtrack: trilha de Wonder Woman é instrumental (Gregson-Williams); sem 'Wonder Woman Collab' Gadot/Dana International,
9952,Hayedeh,Googoosh,Zan Iran Classic,song,2001,INVALIDA_CONFIRMADA,Hayedeh faleceu 1990; data e título impossíveis,Spotify/Wikipedia: Hayedeh faleceu em 1990; ano 2001 impossível; sem dueto real 'Zan Iran Classic',
9953,Hayedeh,Dariush,Golha,song,1999,INVALIDA_CONFIRMADA,Hayedeh faleceu 1990; ano 1999 impossível,"Last.fm: 'Golha' era programa de rádio de Hayedeh, não dueto com Dariush; ela morreu em 1990 (ano 1999 impossível)",
9967,Noa Kirel,Shiri Maimon,Israeli Stars,song,2021,INVALIDA_CONFIRMADA,título 'Israeli Stars' descritivo fabricado,"Last.fm/Crownnote: colab real Kirel/Maimon é 'היא בדיוק כמוני', não 'Israeli Stars'",
9970,Netta Barzilai,Omer Adam,Israeli Pride,song,2020,INVALIDA_CONFIRMADA,título 'Israeli Pride' descritivo fabricado,"Apple Music/Wikipedia: dueto real Netta/Omer Adam é 'Beg' (2019), não 'Israeli Pride'",
9975,Fairuz,Fayrouz,Lebanese Classics,album,2003,INVALIDA_CONFIRMADA,Fairuz e Fayrouz são a mesma artista,Fairuz e Fayrouz são a mesma artista (transliterações); álbum-colaboração impossível (en.wikipedia),
9977,Fayrouz,Wael Kfoury,Liban El Akhdar,song,2006,INVALIDA_CONFIRMADA,"Fayrouz=Fairuz, dueto improvável; título fabricado","'Lebnan El Akhdar' é solo de Fairuz, escrito pelos Rahbani, não dueto com Wael Kfoury (youtube/hibamusic)",
9978,Khaled,Cheb Khaled,Didi Extended,song,2000,INVALIDA_CONFIRMADA,Khaled e Cheb Khaled são o mesmo artista,Khaled = Cheb Khaled (mesmo artista); 'Didi' é solo dele de 1992 (en.wikipedia Didi song),
9984,Ofra Haza,Idan Raichel,Im Nin Alu,song,2001,INVALIDA_CONFIRMADA,"'Im Nin Alu' é solo de Ofra Haza, não dueto com Idan Raichel",'Im Nin'alu' é solo de Ofra Haza; sem gravação com Idan Raichel; Haza morreu em 2000 (en.wikipedia Im Nin'alu/Ofra Haza),
9992,Arik Einstein,Yehuda Poliker,Israel Forever,song,2005,INVALIDA_CONFIRMADA,título patriótico genérico improvável; não existe,Nenhuma música 'Israel Forever' de Arik Einstein/Yehuda Poliker nas discografias (en.wikipedia Arik Einstein discography),
9993,Arik Einstein,Achinoam Nini,Hebrew Songs,album,2007,INVALIDA_CONFIRMADA,álbum genérico inventado entre os dois,Álbum de Arik Einstein em 2007 foi 'Kol Hatov Shebaolam' com Guy Bukati (en.wikipedia); não 'Hebrew Songs' com Achinoam Nini,
9998,Zara Larsson,Tiësto,So Good,song,2018,INVALIDA_CONFIRMADA,"'So Good' é com Ty Dolla $ign, não Tiësto","'So Good' da Zara Larsson (2017) tem feat. Ty Dolla $ign (en.wikipedia/discogs), não Tiësto",
10047,Inna,David Guetta,Sun Is Up,song,2010,INVALIDA_CONFIRMADA,"'Sun Is Up' é solo da Inna, não com Guetta","'Sun Is Up' é single solo da Inna escrito por Play & Win, sem David Guetta (wikipedia/discogs)",
10071,Helena Paparizou,Sakis Rouvas,Greece Eurovision,live,2008,INVALIDA_CONFIRMADA,título de show genérico fabricado,"Grécia no Eurovision 2008 foi Kalomira 'Secret Combination', não Paparizou+Rouvas; duo real deles só em 2020 (wikipedia/eurovisionworld)",
10075,Helena Paparizou,Sarbel,Eurovision Greece 2007,live,2007,INVALIDA_CONFIRMADA,título de show genérico fabricado,"Eurovision 2007 foi de Sarbel ('Yassou Maria'); Paparizou só convidada, sem gravação em dupla (wikipedia.org)",
10076,Helena Paparizou,Demy,Greece Eurovision 2017,live,2017,INVALIDA_CONFIRMADA,título de show genérico fabricado,"Demy representou a Grécia em 2017 sozinha; não há dueto/gravação Paparizou x Demy (wikipedia.org, esctoday.com)",
10172,Kayah,Brodka,Polish Women,live,2018,INVALIDA_CONFIRMADA,"título descritivo 'Polish Women', não é música real","Nenhum dueto Kayah/Brodka; título 'Polish Women' não existe como gravação (en.wikipedia.org, spotify)",
10174,Brodka,Organek,Polish Alt Rock,live,2017,INVALIDA_CONFIRMADA,"título descritivo 'Polish Alt Rock', fabricado","Brodka e Organek gravaram juntos em Męskie Granie 2017, mas a faixa é 'Nieboskłon'; não existe track 'Polish Alt Rock' (open.spotify.com, wirtualnemedia.pl)",
10175,Organek,Mrozu,Polskie Radio Session,song,2018,INVALIDA_CONFIRMADA,"título descritivo 'Polskie Radio Session', fabricado","Sem evidência de gravação Organek/Mrozu intitulada 'Polskie Radio Session' (spotify, wikipedia)",
10177,Mrozu,Ralph Kaminski,Pop Alternatywa,song,2022,INVALIDA_CONFIRMADA,"título descritivo 'Pop Alternatywa', fabricado","Sem registro de colaboração Mrozu/Ralph Kaminski chamada 'Pop Alternatywa' (spotify, en.wikipedia.org)",
10178,Margaret,Blanka,Polish Pop Girls,song,2023,INVALIDA_CONFIRMADA,"título descritivo 'Polish Pop Girls', fabricado",Nenhuma música 'Polish Pop Girls' de Margaret/Blanka; discografias não a listam (en.wikipedia.org),
10179,Margaret,Roksana Węgiel,Pop Power,song,2022,INVALIDA_CONFIRMADA,"título descritivo 'Pop Power', fabricado","Sem faixa 'Pop Power' de Margaret/Roksana Węgiel nas discografias (music.apple.com, wikipedia)",
10180,Margaret,Doda,Polskie Ikony,live,2017,INVALIDA_CONFIRMADA,"título descritivo 'Polskie Ikony', fabricado",Nenhuma gravação 'Polskie Ikony' de Margaret/Doda; só menções a eventos conjuntos (en.wikipedia.org),
10181,Blanka,Ochman,Eurovision Poland,live,2023,INVALIDA_CONFIRMADA,"título descritivo 'Eurovision Poland', fabricado","Blanka e Ochman foram entradas Eurovision separadas (2023 e 2022); não há dueto 'Eurovision Poland' (en.wikipedia.org, eurovision.com)",
10182,Blanka,Viki Gabor,Young Polish Pop,song,2022,INVALIDA_CONFIRMADA,"título descritivo 'Young Polish Pop', fabricado",Sem faixa 'Young Polish Pop' de Blanka/Viki Gabor nas discografias (en.wikipedia.org),
10183,Ochman,Roksana Węgiel,Polish Stars,song,2022,INVALIDA_CONFIRMADA,"título descritivo 'Polish Stars', fabricado","Ochman e Roksana Węgiel foram atos de intervalo na Eurovision 2023, mas não existe faixa 'Polish Stars' (en.wikipedia.org)",
10184,Viki Gabor,Roksana Węgiel,Polskie Eurovision,live,2021,INVALIDA_CONFIRMADA,"título descritivo 'Polskie Eurovision', fabricado","Viki Gabor e Roksana Węgiel cantaram 'Arcade' juntas no Junior Eurovision 2020; não há track 'Polskie Eurovision' (en.wikipedia.org, wprost.pl)",
10194,Sokół,Pezet,Klasyczne Brzmienia,album,2010,INVALIDA_CONFIRMADA,álbum 'Klasyczne Brzmienia' inexistente entre os dois,Álbum conjunto Sokół/Pezet foi anunciado/especulado por anos mas nunca lançado; 'Klasyczne Brzmienia' 2010 inexistente (glamrap.pl / cgm.pl),
10198,Quebonafide,Mata,Polish Hip-Hop Session,song,2020,INVALIDA_CONFIRMADA,"título descritivo 'Polish Hip-Hop Session', fabricado","Nenhum tema 'Polish Hip-Hop Session' de Quebonafide+Mata; discografias bem documentadas não o listam (en.wikipedia.org/Quebonafide, spotify)",
10201,Mata,Otsochodzi,Ulica Polska,song,2022,INVALIDA_CONFIRMADA,"título descritivo 'Ulica Polska', fabricado",Nenhum 'Ulica Polska' de Mata+Otsochodzi; buscas em tekstowo.pl e last.fm não retornam a faixa,
10203,Otsochodzi,Lil Masti,Trap Polska,song,2021,INVALIDA_CONFIRMADA,"título descritivo 'Trap Polska', fabricado",Nenhum 'Trap Polska' de Otsochodzi+Lil Masti; buscas em tekstowo.pl e spotify não retornam tal faixa,
10204,Alina Pash,Jamala,Ukrainian Queens,song,2022,INVALIDA_CONFIRMADA,"título descritivo 'Ukrainian Queens', fabricado","Nenhum 'Ukrainian Queens' Alina Pash+Jamala; existe 'Ukrainian Girls' só de Alina Pash (spotify, en.wikipedia.org)",
10205,Alina Pash,Kalush Orchestra,Ukrainian Style,song,2022,INVALIDA_CONFIRMADA,"título descritivo 'Ukrainian Style', fabricado","Nenhuma colaboração 'Ukrainian Style' Alina Pash+Kalush Orchestra; foram rivais no Vidbir 2022 (en.wikipedia.org, eurovisionworld.com)",
10208,Jamala,Ruslana,Ukraine Eurovision Legend,live,2016,INVALIDA_CONFIRMADA,"título descritivo 'Ukraine Eurovision Legend', fabricado",Sem performance conjunta 'Ukraine Eurovision Legend' Jamala+Ruslana em 2016; Ruslana só apresentou o sorteio (en.wikipedia.org/Ukraine_ESC_2016),
10210,Jamala,Tina Karol,Ukraine Night,song,2019,INVALIDA_CONFIRMADA,"título descritivo 'Ukraine Night', fabricado","Nenhuma música 'Ukraine Night' Jamala+Tina Karol 2019; discografias não a listam (en.wikipedia.org/Jamala, Tina_Karol)",
10213,Onuka,Go_A,Ukrainian Electronic,song,2021,INVALIDA_CONFIRMADA,"título descritivo 'Ukrainian Electronic', fabricado","Nenhuma faixa 'Ukrainian Electronic' Onuka+Go_A 2021; álbum KOLIR da Onuka não a inclui (en.wikipedia.org/Onuka, onuka.ua)",
10221,MELOVIN,Go_A,Eurovision Ukraine,live,2019,INVALIDA_CONFIRMADA,"título descritivo 'Eurovision Ukraine', fabricado",Ucrânia não participou do Eurovision 2019 e Go_A só venceu seleção em 2020; live conjunta impossível (wikipedia/eurovoix),
10233,Dima Bilan,Philipp Kirkorov,Russia My Country,live,2009,INVALIDA_CONFIRMADA,"título descritivo 'Russia My Country', fabricado",a música real 'Россия' é de Kirkorov com Masha Rasputina; sem dueto lançado Bilan+Kirkorov (search/ru.wikipedia),
10234,Dima Bilan,t.A.T.u.,Russian Legends,live,2010,INVALIDA_CONFIRMADA,"título descritivo 'Russian Legends', fabricado",não existe faixa 'Russian Legends'; Bilan colaborou com Yulia Volkova (t.A.T.u.) em 'Back to Her Future' (en.wikipedia.org),
10235,Dima Bilan,Polina Gagarina,Russian Eurovision Duo,live,2015,INVALIDA_CONFIRMADA,"título descritivo 'Russian Eurovision Duo', fabricado","dueto real Bilan/Gagarina é 'Души'/'Dushi', título 'Russian Eurovision Duo' inexistente (music.apple.com, esccovers.com)",
10236,Philipp Kirkorov,Alsou,Estrada Rossii,live,2008,INVALIDA_CONFIRMADA,"título descritivo 'Estrada Rossii', fabricado","'Estrada Rossii' é gênero, não faixa; dueto real de Alsou é 'Дуэт' com A. Shevchenko, nenhum registro com Kirkorov (zvuk.com)",
10237,Philipp Kirkorov,Dimash Kudaibergen,Voice of Kazakhstan Russia,song,2019,INVALIDA_CONFIRMADA,"título descritivo 'Voice of Kazakhstan Russia', fabricado","apenas jams informais em shows de Krutoy, sem dueto oficial 'Voice of Kazakhstan Russia' (en.dimashnews.com)",
10241,Artik & Asti,NILETTO,Russian Pop Collab,song,2021,INVALIDA_CONFIRMADA,"título descritivo 'Russian Pop Collab', fabricado","colab real Artik&Asti/NILETTO é 'Худи' (2024, c/ GeeGun); 'Russian Pop Collab' inexistente (music.apple.com)",
10244,Jony,Egor Kreed,Modern Russian Pop,song,2021,INVALIDA_CONFIRMADA,"título descritivo 'Modern Russian Pop', fabricado","colab real Jony/Egor Kreed é 'Дым'/'Smoke' (2024); 'Modern Russian Pop' inexistente (music.apple.com, tophit.com)",
10253,Monetochka,Bi-2,Russian Indie,live,2020,INVALIDA_CONFIRMADA,"título descritivo 'Russian Indie', fabricado","Colab real Monetochka x Bi-2 é 'Нити ДНК/DNA Threads' (2018) e 'Мой рок-н-ролл', não 'Russian Indie' (wikipedia/allmusic)",
10255,Bi-2,Kino,Russian Rock Legends,live,2010,INVALIDA_CONFIRMADA,"Kino dissolvido em 1990, colaboração impossível em 2010",Kino dissolveu em 1990 após morte de Viktor Tsoi; live com Bi-2 em 2010 impossível (en.wikipedia.org),
10256,Kino,Ariya,Soviet Rock,live,2005,INVALIDA_CONFIRMADA,"Kino acabou em 1990, live 2005 impossível",Kino terminou em 1990 após morte de Tsoi; colaboração live 2005 com Ariya impossível (en.wikipedia.org),
10441,Keisya Levronka,Tiara Andini,Akad,song,2022,INVALIDA_CONFIRMADA,"'Akad' é música do Payung Teduh, não colaboração Keisya/Tiara","'Akad' é do Payung Teduh; colabs Keisya/Tiara são 'Cantik' e '365', não 'Akad' (youtube.com/tiktok.com)",
10449,Fourtwnty,Nadin Amizah,Zona Nyaman,song,2021,INVALIDA_CONFIRMADA,"'Zona Nyaman' é música solo do Fourtwnty, não colab com Nadin","'Zona Nyaman' é faixa solo do Fourtwnty (OST Filosofi Kopi 2), sem Nadin Amizah (kapanlagi.com/eventori.id)",
10453,Payung Teduh,Kunto Aji,Resah,song,2017,INVALIDA_CONFIRMADA,"'Resah' é música solo do Payung Teduh, não colab com Kunto Aji","'Resah' é música solo do Payung Teduh (2010); Kunto Aji só colaborou no álbum de 2019, não nessa faixa (tempo.co/liputan6.com)",
10465,Armand Maulana,Gigi,Naif,song,2002,INVALIDA_CONFIRMADA,"'Naif' é nome de banda, não música Armand/Gigi","'Naif' é nome de banda indonésia (id.wikipedia.org Naif grup musik), não há música 'Naif' de Armand Maulana/Gigi",
10476,Milli,Phum Viphurit,Mango Sticky Rice,song,2022,INVALIDA_CONFIRMADA,"'Mango Sticky Rice' é solo da Milli (Coachella), não colab com Phum","'Mango Sticky Rice' é single solo da MILLI, 2022 (open.spotify.com/tpop.fandom); sem Phum Viphurit",
10503,Sơn Tùng M-TP,Đen Vâu,Chạy Ngay Đi,feature,2020,INVALIDA_CONFIRMADA,"'Chạy Ngay Đi' é solo do Sơn Tùng M-TP, não feature com Đen Vâu",'Chạy Ngay Đi' é single solo de Sơn Tùng M-TP com atriz Davika no MV (open.spotify.com); sem Đen Vâu,
10508,Karik,Rhymastic,Việt Nam Tôi Đâu,song,2017,INVALIDA_CONFIRMADA,"'Việt Nam Tôi Đâu' é música do Việt Khang, não Karik/Rhymastic","'Việt Nam Tôi Đâu' é música de Việt Khang (antiwarsongs.org/loibaihatviet), não de Karik/Rhymastic",
10509,Rhymastic,Binz,Người Lạ Ơi,song,2017,INVALIDA_CONFIRMADA,"'Người Lạ Ơi' é de Karik & Orange/Superbrothers, não Rhymastic/Binz","'Người Lạ Ơi' credita Karik, Orange e Superbrothers (nhac.vn/zingmp3.vn), não Rhymastic/Binz",
10516,Mono,Sơn Tùng M-TP,Nắng Ấm Xa Dần,song,2022,INVALIDA_CONFIRMADA,"'Nắng Ấm Xa Dần' é solo do Sơn Tùng M-TP, não colab com Mono","'Nắng Ấm Xa Dần' é solo de Sơn Tùng M-TP, 2013 (vi.wikipedia/open.spotify); sem Mono",
10519,Min,Sơn Tùng M-TP,Em Của Ngày Hôm Qua,song,2016,INVALIDA_CONFIRMADA,"'Em Của Ngày Hôm Qua' é solo do Sơn Tùng M-TP, não colab com Min","'Em Của Ngày Hôm Qua' é single solo de Sơn Tùng M-TP, 2014 (vi.wikipedia/open.spotify); sem Min",
10524,Ái Phương,Hà Anh Tuấn,Nơi Tình Yêu Bắt Đầu,song,2018,INVALIDA_CONFIRMADA,"'Nơi Tình Yêu Bắt Đầu' é música do Bằng Kiều, não Ái Phương/Hà Anh Tuấn","'Nơi Tình Yêu Bắt Đầu' é de Bằng Kiều/Lam Anh e Bùi Anh Tuấn (open.spotify/nhac.vn), não Ái Phương/Hà Anh Tuấn",
10570,Pamungkas,Yura Yunita,Cinta Luar Biasa,feature,2021,INVALIDA_CONFIRMADA,"Cinta Luar Biasa é solo de Andmesh, não esse dueto","Spotify/lagujuara: 'Cinta Luar Biasa' é solo de Andmesh (2018); hit de Yura Yunita é 'Cinta Dan Rahasia', não dueto com Pamungkas",
10575,Sơn Tùng M-TP,LiSA,Make It Right,feature,2020,INVALIDA_CONFIRMADA,"Make It Right é do BTS, não Son Tung x LiSA",Wikipedia: 'Make It Right' é do BTS (feat. Lauv/Ed Sheeran); Sơn Tùng apenas manifestou desejo de colaborar com Lisa (laodong.vn),
10606,Ariel Rivera,Martin Nievera,How Did You Know,song,1997,INVALIDA_CONFIRMADA,"How Did You Know é de Gary V, não esse dueto","Spotify/Apple Music: 'How Did You Know' é de Gary Valenciano (comp. Cecile Azarcon), não dueto Ariel Rivera x Martin Nievera",
10610,Ryan Cayabyab,Sharon Cuneta,Total Eclipse of the Heart,song,1997,INVALIDA_CONFIRMADA,"Total Eclipse é cover de Bonnie Tyler, dueto fabricado","Spotify/whosampled: 'Total Eclipse of the Heart' creditada a Sharon Cuneta sozinha (cover de Bonnie Tyler/Jim Steinman), sem Ryan Cayabyab como intérprete",
10623,John Roa,Arthur Nery,Uhaw,song,2022,INVALIDA_CONFIRMADA,"'Uhaw' é de Dilaw, não de John Roa com Arthur Nery","Wikipedia/Spotify: 'Uhaw' é da banda Dilaw, não John Roa com Arthur Nery",
10626,Maja Salvador,Julie Anne San Jose,Pusong Bato,song,2016,INVALIDA_CONFIRMADA,"'Pusong Bato' é de Jovit Baldivino, não esse dueto","Wikipedia: 'Pusong Bato' é de Aimee Torres, cover de Jovit Baldivino; não dueto Maja/Julie Anne",
10639,IV of Spades,SB19,Pare Ko,feature,2021,INVALIDA_CONFIRMADA,"'Pare Ko' é dos Eraserheads, não feature IV of Spades x SB19","Wikipedia/Spotify: 'Pare Ko' é dos Eraserheads, não colab IV of Spades x SB19",
10640,Up Dharma Down,Ben&Ben,Tadhana,live,2020,INVALIDA_CONFIRMADA,"'Tadhana' é de Up Dharma Down sozinha, não com Ben&Ben","Spotify/Wish1075: 'Tadhana' é de Up Dharma Down sozinha (álbum Capacities 2012), sem Ben&Ben",
10839,Marisa Monte,Gilberto Gil,Tribalistas,album,2002,INVALIDA_CONFIRMADA,"Tribalistas (2002) é com Arnaldo Antunes e Carlinhos Brown, não Gilberto Gil","Álbum 'Tribalistas' (2002) é Marisa Monte, Arnaldo Antunes e Carlinhos Brown, não Gilberto Gil (Wikipedia)",
10894,Legião Urbana,Cazuza,Dois Caras do Rock Nacional,song,1987,INVALIDA_CONFIRMADA,"título inventado, parceria não existe",Legião Urbana e Cazuza nunca gravaram juntos; 'Dois Caras do Rock Nacional' é título inventado (Wikipedia/medium),
10895,Cazuza,Barão Vermelho,Pro Dia Nascer Feliz,album,1984,INVALIDA_CONFIRMADA,"Pro Dia Nascer Feliz é do Barão, não álbum conjunto","Wikipedia/Discogs: 'Pro Dia Nascer Feliz' é música/single do Barão Vermelho (Cazuza era o vocalista), não álbum conjunto",
10896,Barão Vermelho,Frejat,Barão de Frejat,live,2005,INVALIDA_CONFIRMADA,"Frejat é vocalista do próprio Barão, título inventado","Discogs/Wikipedia: DVD ao vivo 2005 é 'MTV Ao Vivo' do Barão Vermelho; Frejat é o vocalista da banda, 'Barão de Frejat' não existe",
10916,Xand Avião,Anitta,Sua Cara,song,2018,INVALIDA_CONFIRMADA,"Sua Cara é Major Lazer/Anitta/Pabllo, não Xand Avião",Wikipedia/Spotify: 'Sua Cara' é Major Lazer feat. Anitta & Pabllo Vittar; Xand Avião não é creditado,
11027,Valentina Monetta,Jimmy Jump,The Social Network Song (Oh Oh - Uh - Oh Oh),song,2012,INVALIDA_CONFIRMADA,"Valentina Monetta cantou solo; Jimmy Jump é invasor de palco, não músico","Wikipedia: 'The Social Network Song' é solo de Valentina Monetta (Eurovision 2012, Ralph Siegel); Jimmy Jump não participa",
11046,Alcazar,ABBA,Crying at the Discoteque (ABBA tribute medley),live,2004,INVALIDA_CONFIRMADA,'Crying at the Discoteque' é música do Alcazar; ABBA não colaborou nela,"Wikipedia/Discogs: 'Crying at the Discoteque' é do Alcazar samplando 'Spacer' de Sheila B. Devotion, sem ABBA",
11048,ASAP Blacc,Aloe Blacc,Wake Me Up (ASAP Blacc remix feature),song,2014,INVALIDA_CONFIRMADA,'ASAP Blacc' inventado; 'Wake Me Up' é Avicii feat. Aloe Blacc,Wikipedia/Discogs: 'Wake Me Up' é Avicii feat. Aloe Blacc; 'ASAP Blacc' não existe,
11067,Interpol,The Strokes,NYC Punk scene compilation,album,2002,INVALIDA_CONFIRMADA,"coletânea 'NYC Punk' fabricada, sem colaboração real entre as bandas","Coletânea real de 2002 com Interpol e Strokes é 'Yes New York' (Vice), não 'NYC Punk'",
11165,Nick Drake,John Cale,Five Leaves Left,album,1969,INVALIDA_CONFIRMADA,"Cale tocou em Bryter Layter, não em Five Leaves Left","John Cale tocou em 'Bryter Layter' (1971), não no álbum 'Five Leaves Left' (1969) (Wikipedia)",
11171,After School,Psy,Rania,song,2011,INVALIDA_CONFIRMADA,"Rania é grupo, não colab com Psy",'Rania'/'Dr. Feel Good' é do grupo RaNia produzido por Teddy Riley; não é colab After School/Psy (allkpop/Seoulbeats),
11212,YOASOBI,Ado,Oshi no Ko theme collaboration,song,2023,INVALIDA_CONFIRMADA,"YOASOBI fez Idol sozinha, não com Ado","'Idol' do Oshi no Ko é da YOASOBI sozinha (com shouts do Real Akiba Boyz), sem Ado (en.wikipedia.org)",
11220,Ayaka,Jason Mraz,Flavor of Life,feature,2009,INVALIDA_CONFIRMADA,"Flavor of Life é da Utada Hikaru, não Ayaka/Mraz","'Flavor of Life' é composição/gravação da Utada Hikaru, não Ayaka nem Jason Mraz (en.wikipedia.org, discogs.com)",
11225,Dave Coulier,Alanis Morissette,You Oughta Know,feature,1995,INVALIDA_CONFIRMADA,"Coulier é tema rumoreado, não colaborador","'You Oughta Know' é creditada a Morissette e Glen Ballard; Coulier é só o suposto tema, não colaborador (en.wikipedia.org)",
11229,In Flames,Arch Enemy,Dead End,feature,2002,INVALIDA_CONFIRMADA,"Dead End é do In Flames feat Miskovsky, não Arch Enemy","'Dead End' é do In Flames feat. Lisa Miskovsky (Come Clarity 2006), não Arch Enemy (last.fm, en.wikipedia.org)",
11249,Flo Milli,Mulatto,In the Party,feature,2020,INVALIDA_CONFIRMADA,"In the Party é da Flo Milli, sem Mulatto","'In the Party' é faixa solo da Flo Milli, sem feature de Mulatto/Latto (en.wikipedia.org, spotify.com)",
11254,Sly & the Family Stone,Miles Davis,A Tribute to Jack Johnson,album,1971,INVALIDA_CONFIRMADA,"A Tribute to Jack Johnson é álbum solo de Miles Davis, não colaboração com Sly","'A Tribute to Jack Johnson' (1971) é álbum solo de Miles Davis; apenas referencia temas de Sly Stone, sem colaboração (en.wikipedia.org, milesdavis.com)",
11271,Hoshino Gen,Aimyon,Koi,song,2016,INVALIDA_CONFIRMADA,"Koi é solo de Hoshino Gen, não colaboração com Aimyon","'Koi' (2016) é single solo de Gen Hoshino, sem Aimyon (en.wikipedia.org, generasia.com)",
11272,Hoshino Gen,Kenshi Yonezu,Nandemo Naiya,song,2016,INVALIDA_CONFIRMADA,"Nandemo Naiya é solo de Hoshino Gen, sem Kenshi Yonezu","'Nandemonaiya' (2016) é de RADWIMPS (Your Name), escrita por Yojiro Noda; não é Hoshino/Yonezu (open.spotify.com, kiminonawa.fandom.com)",
11273,Zahara,Lira,Loliwe,song,2011,INVALIDA_CONFIRMADA,"Loliwe é solo da Zahara, não dueto com Lira","Loliwe é solo da Zahara, sem Lira creditada (Wikipedia/Spotify)",
11280,Radiohead,Björk,I've Seen It All,song,2000,INVALIDA_CONFIRMADA,"I've Seen It All é de Björk com Thom Yorke (Dancer in the Dark), não Radiohead banda","I've Seen It All é Björk feat. Thom Yorke, não a banda Radiohead (Wikipedia)",
11281,Radiohead,Paul McCartney,Nothing,song,2012,INVALIDA_CONFIRMADA,colaboração Radiohead/Paul McCartney não existe,Não existe colaboração Radiohead/Paul McCartney 'Nothing'; McCartney só sonhou trabalhar com Yorke (faroutmagazine/NME),
11290,Big & Rich,Kenny Chesney,Lost in This Moment,song,2006,INVALIDA_CONFIRMADA,"Lost in This Moment é de Big & Rich, não com Kenny Chesney","Lost in This Moment é do duo Big & Rich, sem Kenny Chesney (Wikipedia/Songfacts)",
11295,SEVENTEEN,BTS,IDEAL CUT,live,2018,INVALIDA_CONFIRMADA,"IDEAL CUT é tour do SEVENTEEN, não live com BTS","IDEAL CUT é a turnê/concerto próprio do SEVENTEEN, sem BTS (carat.fandom/musickorea)",
11296,SEVENTEEN,Marshmello,Darl+ing,song,2022,INVALIDA_CONFIRMADA,"Darl+ing é do SEVENTEEN solo, não com Marshmello","Darl+ing é do SEVENTEEN solo (Woozi/Bumzu/Shannon), sem Marshmello (Wikipedia)",
11303,Joe Mettle,Mercy Chinwo,Bo Noo Ni,song,2019,INVALIDA_CONFIRMADA,"Bo Noo Ni é de Joe Mettle solo, Mercy Chinwo incompatível","Bo Noo Ni é de Joe Mettle feat. Luigi Maclean, não Mercy Chinwo (Spotify/africangospellyrics)",
11321,Trivium,Dave Mustaine,Entrance of the Conflagration,song,2006,INVALIDA_CONFIRMADA,"Entrance of the Conflagration é do Trivium solo, sem Mustaine","Entrance of the Conflagration é do Trivium solo; único convidado do álbum The Crusade foi Jason Suecof, sem Mustaine (Wikipedia/metal.fandom)",
11332,Asa,Nneka,African Queen,song,2012,INVALIDA_CONFIRMADA,"African Queen é solo da Asa, não dueto com Nneka",African Queen é do 2Baba/2Face Idibia; Asa não tem essa música nem dueto com Nneka (Wikipedia),
11333,Asa,Salif Keita,Jailer,song,2014,INVALIDA_CONFIRMADA,"Jailer é solo da Asa, sem Salif Keita","Jailer é solo da Asa (álbum Asha 2007, escrita por Cobhams Asuquo), sem Salif Keita (Spotify/TrendyBeatz)",
11336,Eagles,Linda Ronstadt,Desperado,song,1973,INVALIDA_CONFIRMADA,"Desperado é dos Eagles, não dueto com Linda Ronstadt","'Desperado' é dos Eagles; Ronstadt gravou cover solo em 1973, não dueto (en.wikipedia.org)",
11381,IVE,Coldplay,MY UNIVERSE (Remix),song,2023,INVALIDA_CONFIRMADA,"'My Universe' é Coldplay x BTS, não IVE; remix fabricado","'My Universe' e seus remixes (SUGA, Galantis, Guetta) são Coldplay x BTS, não IVE (en.wikipedia.org)",
11385,After School,Dara,Nu ABO,song,2011,INVALIDA_CONFIRMADA,"'Nu ABO' é da f(x), não After School; Dara é 2NE1","'Nu ABO' é do f(x) (SM, 2010), não After School; Dara é do 2NE1 (en.wikipedia.org)",
11388,VIXX,EXO,KCON Stage,live,2014,INVALIDA_CONFIRMADA,"título de palco genérico KCON, sem colaboração documentada","EXO nem estava no lineup do KCON 2014; sem palco conjunto VIXX x EXO documentado (billboard.com, en.wikipedia.org)",
11390,DAY6,BTS,JYP Nation Concert,live,2018,INVALIDA_CONFIRMADA,"título de concerto genérico, sem colaboração documentada",BTS não é artista da JYP; 'JYP Nation Concert' 2018 não reúne DAY6 e BTS (soompi/wikipedia),
11391,LOONA,K/DA,More,song,2020,INVALIDA_CONFIRMADA,'More' (K/DA) não é da LOONA; fabricação,"'More' é da K/DA com (G)I-dle e Madison Beer, sem LOONA (en.wikipedia More K/DA song)",
11392,LOONA,EXID,Hi High,live,2019,INVALIDA_CONFIRMADA,"'Hi High' é da LOONA; EXID não participa, palco fabricado","'Hi High' é debut da própria LOONA (M Countdown 2018), EXID não participa (youtube/kpopreviewed)",
11394,AOA,Block B,MAMA Stage,live,2014,INVALIDA_CONFIRMADA,"título de palco MAMA genérico, sem colaboração documentada","Palco 2014 MAMA foi BTS vs Block B, não AOA x Block B (koreaboo/wikipedia 2014 MAMA)",
11395,Dreamcatcher,SHINee,InSomnia,live,2019,INVALIDA_CONFIRMADA,'InSomnia' é da Dreamcatcher; SHINee não participa,"'InSomnia' é o nome do fandom da Dreamcatcher, não colab com SHINee (wikipedia Dreamcatcher)",
11396,Dreamcatcher,Gaho,BOCA,song,2020,INVALIDA_CONFIRMADA,'BOCA' é da Dreamcatcher; Gaho não participa,"'BOCA' é faixa-título própria da Dreamcatcher (Dystopia), sem Gaho (dreamcatcher.fandom/spotify)",
11399,King Gnu,Millennium Parade,Samsung,song,2020,INVALIDA_CONFIRMADA,"'Samsung' não é faixa; King Gnu e Millennium Parade mesmo líder, fabricado",Não existe faixa 'Samsung'; King Gnu e Millennium Parade são projetos de Daiki Tsuneta (wikipedia King Gnu),
11400,King Gnu,Masego,Hakujitsu,song,2019,INVALIDA_CONFIRMADA,'Hakujitsu' é do King Gnu; Masego não participa,"'Hakujitsu' (2019) é do King Gnu, tema de drama, sem Masego (en.wikipedia Hakujitsu)",
11401,Sakanaction,Polyphia,Mikazuki Ni Nare,live,2017,INVALIDA_CONFIRMADA,"'Mikazuki' é da Sakanaction; Polyphia não participa, palco fabricado","A faixa é 'Mikazuki Sunset' da Sakanaction, não 'Mikazuki ni Nare' nem colab Polyphia (wikipedia Sakanaction)",
11412,Bezerra da Silva,Caetano Veloso,Haiti,song,1993,INVALIDA_CONFIRMADA,'Haiti' é de Caetano e Gilberto Gil; Bezerra da Silva não participa,"'Haiti' (1993, Tropicália 2) é de Caetano Veloso e Gilberto Gil, sem Bezerra da Silva (en.wikipedia/spotify)",
11429,Hadiya George,Moby,Natural Blues (remake),song,2021,INVALIDA_CONFIRMADA,'Natural Blues' é do Moby; remake c/ Hadiya George fabricado,"Remakes de 'Natural Blues' de Moby são com Gregory Porter e Amythyst Kiah (Reprise 2021), não Hadiya George (wikipedia/deutschegrammophon)",
11579,Juanes,Aterciopelados,Estoy Aquí,song,2003,INVALIDA_CONFIRMADA,"Estoy Aquí é de Shakira, não colaboração Juanes/Aterciopelados","'Estoy Aquí' é de Shakira (Pies Descalzos 1995), não Juanes/Aterciopelados (Wikipedia)",
11599,Alejandro Sanz,Jesse & Joy,Don't Stop the Music,song,2010,INVALIDA_CONFIRMADA,"Don't Stop the Music é da Rihanna, fabricação","Spotify/AppleMusic: colaboração real Jesse & Joy x Alejandro Sanz é 'No Soy Una de Esas', não 'Don't Stop the Music' (da Rihanna)",
11612,Chayanne,Paulina Rubio,Dejaría Todo,song,2002,INVALIDA_CONFIRMADA,"'Dejaría Todo' é solo de Chayanne, não dueto com Paulina","'Dejaría Todo' (1998) é canção solo de Chayanne, sem Paulina Rubio (wikipedia, discogs)",
11617,Luis Miguel,Thalía,Tu y Yo,song,1993,INVALIDA_CONFIRMADA,não há dueto documentado Luis Miguel/Thalía,"'Tú y Yo' (1993, álbum Aries) é solo de Luis Miguel; não há dueto com Thalía (wikipedia, discogs)",
11619,Luis Miguel,Benny Moré,La Historia de un Amor (Tributo),song,1991,INVALIDA_CONFIRMADA,Benny Moré morreu em 1963; tributo como dueto é fabricação,"Benny Moré morreu em 1963; 'Historia de un Amor' de Luis Miguel é solo, dueto é impossível (wikipedia)",
11627,Enrique Iglesias,Jennifer Lopez,Ayer,song,1998,INVALIDA_CONFIRMADA,'Ayer' é solo posterior; dueto Enrique/JLo em 1998 não existe,"Não existe dueto Enrique Iglesias/Jennifer Lopez chamado 'Ayer'; colaborações reais são 'Physical' (wikipedia, spotify)",
11657,Maluma,Carlos Rivera,Pienso en Tu Mirá,song,2017,INVALIDA_CONFIRMADA,"'Pienso en Tu Mirá' é de Rosalía, não Maluma/Carlos Rivera","'Pienso en Tu Mirá' é de Rosalía (El Mal Querer), escrita com C. Tangana; não Maluma/Carlos Rivera (wikipedia)",
11674,Karol G,Nicki Jam,Tusa,song,2019,INVALIDA_CONFIRMADA,"'Tusa' é Karol G com Nicki Minaj, não 'Nicki Jam'","'Tusa' é Karol G com Nicki Minaj, não 'Nicki Jam' (wikipedia, discogs)",
11683,Romeo Santos,Monchy & Alexandra,Dos Locos,song,2008,INVALIDA_CONFIRMADA,"'Dos Locos' é de Monchy & Alexandra, não dueto com Romeo Santos","'Dos Locos' é original de Monchy & Alexandra (álbum Confesiones); não é dueto com Romeo Santos (wikipedia, spotify)",
11718,Kinito Méndez,Eddy Herrera,El Baile del Perrito,song,1997,INVALIDA_CONFIRMADA,"El Baile del Perrito é de Wilfrido Vargas, não dueto Kinito/Eddy","'El Baile del Perrito' é de Wilfrido Vargas, não dueto Kinito Méndez/Eddy Herrera (letras.com, spotify.com)",
11722,La India,India,Salseras (Live),live,2001,INVALIDA_CONFIRMADA,"La India e India são a mesma artista, dueto impossível",La India e 'India' são a mesma artista; dueto consigo mesma é impossível (en.wikipedia.org),
11740,Héctor Lavoe,Johnny Pacheco,El Malo,song,1975,INVALIDA_CONFIRMADA,"El Malo é de Willie Colón com Lavoe, não Pacheco","'El Malo' (1967) é de Willie Colón & Héctor Lavoe, não Johnny Pacheco (discogs.com, es.wikipedia.org)",
11770,Nacho,Chino & Nacho,Me Voy Enamorando (Remix),song,2011,INVALIDA_CONFIRMADA,Nacho integra Chino & Nacho; dueto consigo mesmo,"'Me Voy Enamorando (Remix)' é Chino & Nacho ft. Farruko; Nacho integra Chino & Nacho, par consigo mesmo (discogs.com, en.wikipedia.org)",
11774,Ricardo Montaner,Carlos Rivera,Me Va a Extrañar,song,2019,INVALIDA_CONFIRMADA,"Me Va a Extrañar é de Montaner solo, não dueto com Carlos Rivera","'Me Va a Extrañar - Versión Montaner' (2019) é solo de Ricardo Montaner; dueto com Carlos Rivera é 'Yo No Fumo' 2023 (spotify.com, informador.mx)",
11924,Luis Fonsi,Natti Natasha,No Me Queda Más,song,2019,INVALIDA_CONFIRMADA,"'No Me Queda Más' é de Selena, não de Fonsi e Natti","Wikipedia: 'No Me Queda Más' é de Selena (álbum Amor Prohibido 1994), escrita por Ricky Vela, não Fonsi/Natti",
11927,Lucenzo,Pitbull,Pump It (Remix),song,2012,INVALIDA_CONFIRMADA,"'Pump It' é dos Black Eyed Peas, não Lucenzo e Pitbull",Wikipedia: 'Pump It' é dos Black Eyed Peas (Monkey Business 2005); Lucenzo/Pitbull colaboram em 'Danza Kuduro',
11970,Paul Simon,Bob Dylan,The Concert in Central Park,live,1981,INVALIDA_CONFIRMADA,"Concert in Central Park foi de Simon & Garfunkel, não Dylan","Wikipedia: 'The Concert in Central Park' (1981) é álbum ao vivo de Simon & Garfunkel (Paul Simon e Art Garfunkel), não Bob Dylan",
12062,Sam Cooke,Ray Charles,Night Beat,feature,1963,INVALIDA_CONFIRMADA,'Night Beat' é álbum de Sam Cooke; Ray Charles não participou,"Wikipedia: 'Night Beat' (1963) é álbum solo de Sam Cooke; pianista era Ray Johnson, Ray Charles não participou",
12076,Elton John,Paul McCartney,Friends of Mr. Cairo,feature,1981,INVALIDA_CONFIRMADA,"'Friends of Mr. Cairo' é do Jon & Vangelis, não Elton/McCartney","Wikipedia: 'The Friends of Mr Cairo' (1981) é de Jon & Vangelis (Jon Anderson + Vangelis), não Elton John/McCartney",
12078,Stevie Wonder,Michael Jackson,Girl Friend,song,1979,INVALIDA_CONFIRMADA,'Girl Friend' não é colaboração documentada Stevie Wonder/Michael Jackson,Wikipedia: 'Girlfriend' (Off the Wall 1979) foi escrita por Paul McCartney e cantada por Michael Jackson solo; Stevie Wonder não participa,
12079,Stevie Wonder,Diana Ross,My Cherie Amour,feature,1969,INVALIDA_CONFIRMADA,'My Cherie Amour' é solo de Stevie Wonder; Diana Ross não participa,Wikipedia: 'My Cherie Amour' (1969) é single solo de Stevie Wonder; Diana Ross não aparece,
12126,John Fogerty,Bob Dylan,Change in the Weather,feature,1986,INVALIDA_CONFIRMADA,'Change in the Weather' é de John Fogerty solo; Dylan não participa,Discogs/Wikipedia: 'Change in the Weather' é de John Fogerty solo (álbum 'Eye of the Zombie' 1986); Bob Dylan não participa,
12148,Bobby Byrd,Maceo Parker,I Know You Got Soul,song,1971,INVALIDA_CONFIRMADA,"'I Know You Got Soul' é de Bobby Byrd 1971, mas Maceo Parker não creditado como artista","Funkatropolis/trombonealex: no sax da faixa original de Bobby Byrd (1971) consta Jimmy Parker, não Maceo Parker",
12167,Van Morrison,Mick Jagger,The Last Waltz,live,1976,INVALIDA_CONFIRMADA,Mick Jagger não participou do Last Waltz; fabricação,"Wikipedia (The Last Waltz): Van Morrison participou, mas Mick Jagger nao esteve no evento",
12189,David Crosby,Paul McCartney,Too Much Rock and Roll,feature,1993,INVALIDA_CONFIRMADA,título inexistente; colaboração Crosby/McCartney fabricada,the-paulmccartney-project/Wikipedia: Crosby e McCartney nunca gravaram dueto; 'Too Much Rock and Roll' inexistente,
12190,Peter Gabriel,David Bowie,I Have Been Here Before,feature,1987,INVALIDA_CONFIRMADA,I Have Been Here Before não é colaboração Gabriel/Bowie,davidbowie.com/petergabriel.com: Bowie e Gabriel nunca gravaram juntos (Bowie recusou 'Scratch My Back'); musica inexistente,
12192,Mark Knopfler,Stevie Wonder,Ebony and Ivory Sessions,feature,1985,INVALIDA_CONFIRMADA,Ebony and Ivory é McCartney/Wonder; Knopfler fabricado,Wikipedia: 'Ebony and Ivory' e de McCartney/Stevie Wonder; nenhuma colaboracao Knopfler/Wonder documentada,
12199,Michael Jackson,Stevie Wonder,Happy Birthday,feature,1981,INVALIDA_CONFIRMADA,Happy Birthday Stevie Wonder não tem feature Michael Jackson,"Wikipedia: 'Happy Birthday' de Stevie Wonder (Hotter than July, 1980) e solo, sem feature de Michael Jackson",
12202,Queen,John Lennon,Bohemian Rhapsody,feature,1977,INVALIDA_CONFIRMADA,Bohemian Rhapsody do Queen não tem John Lennon,"Wikipedia: 'Bohemian Rhapsody' e composicao/gravacao apenas do Queen, sem John Lennon",
12223,Neil Diamond,Elvis Presley,Sweet Caroline,feature,1969,INVALIDA_CONFIRMADA,Sweet Caroline é só de Neil Diamond; feature Elvis fabricado,"Wikipedia/ultimateclassicrock: 'Sweet Caroline' e solo de Neil Diamond; Elvis apenas fez cover ao vivo, sem feature conjunto",
12227,Elvis Presley,Neil Diamond,Holly Holy,feature,1970,INVALIDA_CONFIRMADA,Holly Holy é de Neil Diamond; feature Elvis fabricado,"Wikipedia (Holly Holy): musica solo de Neil Diamond; Elvis cantou so uma linha ao vivo, sem gravacao conjunta",
12232,Ed Sheeran,Chance the Rapper,Chuck D,song,2019,INVALIDA_CONFIRMADA,Chuck D não é música de Sheeran com Chance; fabricação,"Wikipedia (No.6 Collaborations Project): colab Sheeran/Chance e 'Cross Me' feat. PnB Rock, nao existe faixa 'Chuck D'",
12233,Taylor Swift,Bon Iver,both of us,song,2012,INVALIDA_CONFIRMADA,"both of us é de B.o.B com Taylor Swift, não Bon Iver","Wikipedia/Spotify: 'Both of Us' é de B.o.B feat. Taylor Swift, Bon Iver não participa",
12365,Gunna,Post Malone,One Right Now,song,2021,INVALIDA_CONFIRMADA,"One Right Now é de Post Malone com The Weeknd, não Gunna","Wikipedia: 'One Right Now' é de Post Malone com The Weeknd, sem participação de Gunna",
12369,Roddy Ricch,The Weeknd,Lost in the Fire,feature,2019,INVALIDA_CONFIRMADA,"Lost in the Fire é de Gesaffelstein com The Weeknd, não Roddy Ricch","Wikipedia/Spotify: 'Lost in the Fire' é de Gesaffelstein com The Weeknd, não Roddy Ricch",
12386,Gorillaz,Mavis Staples,Hallelujah Money,song,2017,INVALIDA_CONFIRMADA,"Hallelujah Money é de Gorillaz com Benjamin Clementine, não Mavis Staples","Wikipedia/Songfacts: 'Hallelujah Money' credita Gorillaz feat. Benjamin Clementine, não Mavis Staples",
12387,Gorillaz,Little Simz,Momentary Bliss,song,2020,INVALIDA_CONFIRMADA,"Momentary Bliss é de Gorillaz com slowthai e Slaves, não Little Simz","Wikipedia/Spotify: 'Momentary Bliss' credita Gorillaz feat. slowthai e Slaves, não Little Simz",
12410,Jhené Aiko,Chris Brown,None of Your Concern,song,2020,INVALIDA_CONFIRMADA,"None of Your Concern é de Jhené Aiko com Big Sean, não Chris Brown","Wikipedia/Billboard: 'None of Your Concern' credita Jhené Aiko feat. Big Sean, não Chris Brown",
12532,Jung Kook,Major Lazer,We Don't Talk About Bruno (Remix),song,2022,INVALIDA_CONFIRMADA,remix de 'Bruno' (Encanto) por Jung Kook & Major Lazer não existe,Spotify/busca: não existe remix de 'We Don't Talk About Bruno' por Jung Kook & Major Lazer,
12533,Jung Kook,DJ Snake,Oh La La,song,2022,INVALIDA_CONFIRMADA,'Oh La La' é de NewJeans; Jung Kook & DJ Snake não fizeram esta,Spotify: colaboração Jung Kook/DJ Snake é 'Please Don't Change' (GOLDEN 2023); não há faixa 'Oh La La' dos dois,
12538,Jason Derulo,Adam Levine,Try Me,song,2019,INVALIDA_CONFIRMADA,"'Try Me' de Jason Derulo é com Jennifer Lopez/Matoma, não Adam Levine",what-song: 'Try Me' de Jason Derulo é feat. Jennifer Lopez e Matoma; colab com Adam Levine é 'Lifestyle',
12579,OneRepublic,Demi Lovato,What I've Done (Linkin Park Cover),song,2018,INVALIDA_CONFIRMADA,cover de Linkin Park por OneRepublic & Demi Lovato não existe,WhoSampled/busca: não existe cover de 'What I've Done' (Linkin Park) por OneRepublic & Demi Lovato,
12592,Nas,Jay-Z,Dead Presidents II,song,1996,INVALIDA_CONFIRMADA,'Dead Presidents II' é de Jay-Z; Nas não participa (samplea voz de Nas),"Wikipedia/WhoSampled: 'Dead Presidents II' é solo do Jay-Z (prod. Ski), apenas samplea a voz de Nas de 'The World Is Yours'",
12596,Nas,Kanye West,ULTRAlite Beam (Remix),song,2016,INVALIDA_CONFIRMADA,'Ultralight Beam' é de Kanye; remix com Nas não existe,WhoSampled: 'Ultralight Beam' credita Chance/Kirk Franklin/The-Dream/Kelly Price; nenhum remix com Nas documentado,
12624,2 Pac,Roger Troutman,I'll Be Missing You,song,1996,INVALIDA_CONFIRMADA,"I'll Be Missing You é de Puff Daddy, não 2Pac/Troutman","'I'll Be Missing You' é de Puff Daddy & Faith Evans feat. 112, não 2Pac/Roger Troutman (en.wikipedia.org/discogs.com)",
12636,Method Man,Lauryn Hill,How Many Mics,song,1996,INVALIDA_CONFIRMADA,"How Many Mics é Fugees/Lauryn, não Method Man","'How Many Mics' é dos Fugees (Lauryn Hill, Wyclef, Pras), sem Method Man (spotify.com/en.wikipedia.org)",
12671,Mary J. Blige,Common,Come On Eileen,song,2014,INVALIDA_CONFIRMADA,Come On Eileen não é faixa de Mary J. Blige/Common,'Come On Eileen' é dos Dexys Midnight Runners; não existe versão Mary J. Blige/Common (en.wikipedia.org),
12672,Erykah Badu,D'Angelo,The Root,song,1999,INVALIDA_CONFIRMADA,"The Root é faixa só de D'Angelo, sem Erykah Badu","'The Root' é faixa solo de D'Angelo (guit/baixo de Charlie Hunter), sem Erykah Badu (en.wikipedia.org)",
12692,The 1975,Taylor Swift,Anti-Hero (Remix),song,2022,INVALIDA_CONFIRMADA,"Anti-Hero é da Taylor, não há remix com The 1975","Não existe remix oficial de 'Anti-Hero' com The 1975; remixes são de Roosevelt, Jayda G, Kungs, ILLENIUM (en.wikipedia.org, last.fm)",
12712,Beck,Cat Power,Sea Change (Remix),song,2002,INVALIDA_CONFIRMADA,"Sea Change é álbum solo do Beck, não remix com Cat Power","'Sea Change' é álbum solo do Beck (2002, prod. Nigel Godrich), sem remix/colaboração de Cat Power (en.wikipedia.org, discogs.com)",
12718,Pharrell,Nelly,Hot in Herre,song,2002,INVALIDA_CONFIRMADA,Hot in Herre é do Nelly produzido pelos Neptunes; não é feat de Pharrell,"'Hot in Herre' é do Nelly produzida pelos Neptunes (Pharrell é produtor, não feature); vocais extras de Dani Stevenson (en.wikipedia.org, songfacts.com)",
12764,Heuss L'Enfoiré,Ninho,Bande Organisée,song,2020,INVALIDA_CONFIRMADA,"Bande Organisée é dos rappers de Marselha, não de Heuss e Ninho","'Bande organisée' (13 Organisé) traz Jul, SCH, Kofs, Naps, Soso Maness, Elams, Solda, Houari; nem Heuss nem Ninho estão nela (en.wikipedia.org, spotify.com)",
12765,Heuss L'Enfoiré,Jul,Bande Organisée,song,2020,INVALIDA_CONFIRMADA,"Bande Organisée é de Jul e companhia, sem Heuss L'Enfoiré","Jul está em 'Bande organisée', mas Heuss L'Enfoiré não é creditado; elenco é do coletivo marselhês 13 Organisé (en.wikipedia.org, spotify.com)",
12766,Heuss L'Enfoiré,Alonzo,Bande Organisée,song,2020,INVALIDA_CONFIRMADA,Bande Organisée não inclui Heuss L'Enfoiré,"'Bande Organisée' (13 Organisé, 2020) traz SCH, Kofs, Jul, Naps, Soso Maness, Elams, Solda, Houari; Heuss L'Enfoiré não consta (en.wikipedia.org)",
12767,Heuss L'Enfoiré,SCH,Bande Organisée,song,2020,INVALIDA_CONFIRMADA,Bande Organisée não inclui Heuss L'Enfoiré,"Créditos de 'Bande Organisée' 2020 não incluem Heuss L'Enfoiré, apenas SCH/Kofs/Jul/Naps/Soso Maness/Elams/Solda/Houari (shazam.com)",
12768,Heuss L'Enfoiré,Soso Maness,Bande Organisée,song,2020,INVALIDA_CONFIRMADA,Bande Organisée não inclui Heuss L'Enfoiré,'Bande Organisée' 2020 é do coletivo 13 Organisé sem Heuss L'Enfoiré nos créditos (en.wikipedia.org),
12907,Tanya Stephens,Anthony B,Gangsta Blues,album,2004,INVALIDA_CONFIRMADA,"Gangsta Blues é álbum solo de Tanya Stephens, não com Anthony B","'Gangsta Blues' (2004) é álbum de Tanya Stephens com feats de Wyclef Jean e Spragga Benz, sem Anthony B (discogs/wikipedia)",
12908,Diana King,Shaggy,Shy Guy,song,1995,INVALIDA_CONFIRMADA,"Shy Guy é de Diana King solo, não feat. Shaggy","'Shy Guy' (1995) é creditada só a Diana King, escrita por King/Gardner/Marvel, sem Shaggy (wikipedia/discogs)",
12913,Ali Campbell,ASTRO,That Look in Your Eye,song,1995,INVALIDA_CONFIRMADA,ASTRO marcado K-Pop; cruzamento improvável com Ali Campbell em 1995,'That Look in Your Eye' (1995) é solo de Ali Campbell com Pamela Starks; Astro não participa dessa faixa de 1995 (wikipedia/discogs),
12918,Lee 'Scratch' Perry,The Clash,Complete Control,song,1977,INVALIDA_CONFIRMADA,Complete Control é do The Clash; Lee Perry produziu mas não é colaboração creditada,"'Complete Control' (1977) é música do The Clash apenas produzida por Lee Perry, não colaboração creditada dos dois (wikipedia/songfacts)",
12956,Mad Cobra,Shabba Ranks,Flex,song,1992,INVALIDA_CONFIRMADA,"Flex é de Mad Cobra solo, não com Shabba Ranks","'Flex' (1992) é de Mad Cobra solo; Shabba Ranks só aparece em single dividido com outra faixa ('Ting-A-Ling'), não em 'Flex' (discogs/wikipedia)",
13015,Grupo Niche,Celia Cruz,La Rebelión,song,1989,INVALIDA_CONFIRMADA,"La Rebelión é de Joe Arroyo, não Grupo Niche com Celia","Wikipedia/salserisimoperu: 'La Rebelión' é de Joe Arroyo y La Verdad, não Grupo Niche com Celia Cruz",
13040,Rubén Blades,Celia Cruz,La Vida Es Un Carnaval,song,1998,INVALIDA_CONFIRMADA,"La Vida Es Un Carnaval é solo de Celia Cruz, não com Blades","Wikipedia: 'La Vida Es Un Carnaval' é solo de Celia Cruz (autor Victor Daniel), sem Rubén Blades",
13047,The Beatles,Peter Sellers,A Hard Day's Night,song,1965,INVALIDA_CONFIRMADA,A Hard Day's Night não é colaboração Beatles-Peter Sellers,Discogs/openculture: Peter Sellers gravou cover cômico separado; não é colaboração conjunta com The Beatles,
13052,Blink-182,Lil Wayne,A Letter to Elise,song,2011,INVALIDA_CONFIRMADA,"'A Letter to Elise' é do The Cure, não Blink-182 feat Lil Wayne","'A Letter to Elise' é do The Cure, coverizada pelo Blink-182, sem Lil Wayne (letras.com, youtube.com)",
13053,Blink-182,Nicki Minaj,Up All Night,song,2011,INVALIDA_CONFIRMADA,'Up All Night' do Blink-182 não tem Nicki Minaj,'Up All Night' do Blink-182 (2011) não tem Nicki Minaj; a versão com Nicki é do Drake (en.wikipedia.org),
13056,Simple Plan,Rivers Cuomo,What's New Scooby-Doo?,song,2003,INVALIDA_CONFIRMADA,Rivers Cuomo não participa do tema Scooby-Doo do Simple Plan,"Tema 'What's New Scooby-Doo?' do Simple Plan foi escrito por Rich Dickerson, sem Rivers Cuomo (scoobydoo.fandom.com, open.spotify.com)",
13059,Shinedown,Eminem,Dream,song,2022,INVALIDA_CONFIRMADA,Shinedown feat Eminem implausível e inexistente,Nenhuma faixa 'Dream' de Shinedown com Eminem em 2022; ligação Eminem/Dream On é Aerosmith/Steven Tyler (en.wikipedia.org),
13233,Alphabeat,Robyn,Boyfriend,song,2007,INVALIDA_CONFIRMADA,Boyfriend não é dueto Alphabeat/Robyn,"Wikipedia/Discogs: 'Boyfriend' é single solo do Alphabeat (prod. Mike Spencer), sem Robyn",
13247,NSYNC,Michael Jackson,Celebrity,song,2001,INVALIDA_CONFIRMADA,"Celebrity é álbum/faixa NSYNC, não dueto com MJ",Wikipedia: 'Celebrity' é álbum/faixa do NSYNC; o dueto cogitado com MJ era 'Gone' e nunca saiu,
13249,Spice Girls,Elton John,Are You Man Enough?,song,1997,INVALIDA_CONFIRMADA,título não é colaboração Spice Girls/Elton John,Wikipedia: 'Are You Man Enough?' é dos Four Tops (1973); Spice/Elton fizeram 'Don't Go Breaking My Heart',
13250,Spice Girls,Bryan Adams,When You're Gone,song,1998,INVALIDA_CONFIRMADA,"When You're Gone é Bryan Adams com Mel C, não Spice Girls","Wikipedia/Discogs: 'When You're Gone' (1998) é Bryan Adams feat. Melanie C (solo), não Spice Girls",
13268,Luis Miguel,Mariah Carey,When I Fall in Love,song,1995,INVALIDA_CONFIRMADA,When I Fall in Love é dueto Luis Miguel não é com Mariah,Mariahcareynetwork/Remezcla: único dueto Luis Miguel/Mariah foi 'After Tonight' (não lançado); não há 'When I Fall in Love',
13277,Fabrizio De André,Premiata Forneria Marconi,La buona novella,album,1970,INVALIDA_CONFIRMADA,"La buona novella é álbum solo De André, não colab PFM","Wikipedia: 'La buona novella' (1970) é álbum solo De André, tocado por 'I Quelli' (só viraria PFM em 1971)",
13292,Café Quijano,Boney M.,La Quiero a Morir,song,2001,INVALIDA_CONFIRMADA,"La Quiero a Morir é de Sabina/Café Quijano, não Boney M.","Spotify/SecondHandSongs: 'La Quiero a Morir' é de Cabrel; versão Café Quijano é com Alejandro Sanz, sem Boney M.",
13297,MC Daniel,Lexa,Envolvimento (Remix),song,2022,INVALIDA_CONFIRMADA,"Envolvimento é de MC Loma, não MC Daniel/Lexa",Spotify/Wikipedia: 'Envolvimento' é de MC Loma e As Gêmeas Lacração; sem versão MC Daniel/Lexa,
13531,D Double E,Skepta,Rolex Sweep,song,2009,INVALIDA_CONFIRMADA,"Rolex Sweep é do DJ Q/Skepta, não de D Double E","Wikipedia/Discogs: 'Rolex Sweep' (2008) é solo de Skepta, prod. Bless Beats; sem D Double E",
13544,Manga Saint Hilare,Ghetts,Talking the Hardest,song,2016,INVALIDA_CONFIRMADA,"Talking the Hardest é de Giggs, não Manga/Ghetts","RateYourMusic/Spotify: 'Talkin da Hardest' é de Giggs, não Manga Saint Hilare/Ghetts",
13555,Travis,Paul McCartney,Baby One More Time,live,2002,INVALIDA_CONFIRMADA,Baby One More Time live Travis com McCartney implausível e fabricado,Spotify/YouTube: 'Baby One More Time' ao vivo é cover solo do Travis (VH1 Storytellers); sem McCartney nessa faixa,
13577,Ali Zafar,Aditi Singh Sharma,London Thumakda,song,2014,INVALIDA_CONFIRMADA,"London Thumakda é de Queen, não de Ali Zafar/Aditi","Wikipedia/Amazon Music: 'London Thumakda' (Queen) é de Labh Janjua, Sonu & Neha Kakkar, não Ali Zafar/Aditi",
13592,Malkit Singh,Daler Mehndi,Tunak Tunak Tun,song,1998,INVALIDA_CONFIRMADA,"Tunak Tunak Tun é solo de Daler Mehndi, não dueto","'Tunak Tunak Tun' e solo de Daler Mehndi (1998), sem dueto com Malkit Singh (en.wikipedia.org)",
13595,Nooran Sisters,Javed Ali,Patakha Guddi,song,2014,INVALIDA_CONFIRMADA,"Patakha Guddi é das Nooran Sisters, sem Javed Ali","'Patakha Guddi' e das Nooran Sisters (versao masculina do proprio A.R. Rahman), sem Javed Ali (en.wikipedia.org/spotify.com)",
13599,Sunanda Sharma,Jassie Gill,Akh Lad Jaave,song,2018,INVALIDA_CONFIRMADA,"Akh Lad Jaave é de Badshah (Gentleman), não Sunanda/Jassie","'Akh Lad Jaave' (Loveyatri) e de Badshah, Asees Kaur e Jubin Nautiyal, nao Sunanda/Jassie (imdb.com)",
13625,Imran Khan,Snoop Dogg,Satisfya,song,2012,INVALIDA_CONFIRMADA,"Satisfya é solo de Imran Khan, sem Snoop Dogg","'Satisfya' e solo de Imran Khan, sem Snoop Dogg (en.wikipedia.org/open.spotify.com)",
13651,Barbie Maan,Sidhu Moose Wala,Jine Mera Dil Luteya,song,2020,INVALIDA_CONFIRMADA,"Jine Mera Dil Luteya é de Gippy Grewal, não Barbie/Sidhu","'Jine Mera Dil Luteya' e de Jazzy B; Barbie Maan e Sidhu fizeram 'Ajj Kal Ve', titulo diferente (open.spotify.com/imdb.com)",
13652,Barbie Maan,Gurnam Bhullar,Rabb Ne Banaiyan Jodiyan,song,2019,INVALIDA_CONFIRMADA,"Rabb Ne Banaiyan Jodiyan é de Akhil/B Praak, não Barbie/Gurnam",'Rabb Ne Banaiyan Jodiyan' e de Babbu Maan/Gurdas Maan; sem colaboracao Barbie Maan + Gurnam Bhullar (en.wikipedia.org/jiosaavn.com),
13654,Navv Inder,Mista Baaz,Lak 28 Kudi Da,song,2013,INVALIDA_CONFIRMADA,Lak 28 Kudi Da é de Diljit Dosanjh/Yo Yo Honey Singh,"'Lak 28 Kudi Da' é de Diljit Dosanjh/Yo Yo Honey Singh, sem Navv Inder nem Mista Baaz (open.spotify.com, jiosaavn.com)",
13656,Antara Mitra,Arijit Singh,Tum Hi Ho,song,2013,INVALIDA_CONFIRMADA,"Tum Hi Ho é de Arijit solo, sem Antara Mitra","'Tum Hi Ho' (Aashiqui 2) é Arijit Singh solo; nenhuma versão oficial credita Antara Mitra (en.wikipedia.org, open.spotify.com)",
13657,Ilaiyaraaja,Harris Jayaraj,Mellisai Mannan,song,2006,INVALIDA_CONFIRMADA,Ilaiyaraaja e Harris Jayaraj nunca fizeram música juntos,"'Mellisai Mannan' é alcunha do compositor M. S. Viswanathan, não uma faixa colaborativa Ilaiyaraaja/Harris Jayaraj (en.wikipedia.org)",
13667,Dan + Shay,Reba McEntire,I Remember Everything,song,2022,INVALIDA_CONFIRMADA,"I Remember Everything é de Zach Bryan/Kacey, não Dan+Shay/Reba","'I Remember Everything' (2023) é de Zach Bryan feat. Kacey Musgraves, não Dan+Shay/Reba (en.wikipedia.org, open.spotify.com)",
13669,Brooks & Dunn,Kenny Rogers,If You See Her Tonight,song,1995,INVALIDA_CONFIRMADA,título inventado a partir da música real de Brooks&Dunn/Reba,"Título inexistente; a faixa real de Brooks & Dunn é 'If You See Him/If You See Her' (1998) com Reba, sem Kenny Rogers (open.spotify.com, songfacts.com)",
13672,Toby Keith,Krystal Keith,Drink on It,song,2013,INVALIDA_CONFIRMADA,"Drink on It é de Blake Shelton, não Toby/Krystal Keith","'Drink on It' (2012) é de Blake Shelton, não Toby/Krystal Keith (en.wikipedia.org, theboot.com)",
13701,Big & Rich,Gretchen Wilson,Redneck Woman,song,2004,INVALIDA_CONFIRMADA,Redneck Woman é música solo de Gretchen Wilson,"Wikipedia: 'Redneck Woman' é single solo de Gretchen Wilson; Big & Rich só co-escreveram/aparecem no clipe, não creditados como intérpretes",
13750,SEVENTEEN,Fallin' Flower,Fallin' Flower,song,2020,INVALIDA_CONFIRMADA,"b é título de música, não artista","Wikipedia: 'Fallin' Flower' é single só do SEVENTEEN; 'b' é o título da música, não um artista",
13751,SEVENTEEN,Ailee,Call Call Call!,song,2017,INVALIDA_CONFIRMADA,Call Call Call é do SEVENTEEN sem Ailee,"carat.fandom/soompi: 'Call Call Call!' tem os 13 membros do SEVENTEEN; Ailee só colaborou em 'Q&A' (2015), não nesta faixa",
13754,aespa,Black Mamba featuring AI avatar,Black Mamba,song,2020,INVALIDA_CONFIRMADA,b é descrição inventada; Black Mamba é da aespa,"Wikipedia: 'Black Mamba' é estreia solo da aespa; 'b' ('featuring AI avatar') é descrição inventada, não artista",
13759,Big Bang,Epik High,Black Swan Art (2 of them),song,2022,INVALIDA_CONFIRMADA,"título sem sentido, colaboração inexistente","Nenhuma fonte mostra 'Black Swan Art (2 of them)'; colabs Epik High/Big Bang são Tablo com Taeyang ('Rich'/'Tomorrow'), título inexistente",
13767,Xiumin,Jimin (BTS),We Don't Talk Together (SM x BH event),live,2019,INVALIDA_CONFIRMADA,We Don't Talk Together é de Heize/Giriboy,"Apple Music/kpop.fandom: 'We Don't Talk Together' (2019) é de Heize feat. Giriboy (prod. SUGA), não Xiumin e Jimin",
13768,Suho,Chen,EXO CBX - Hey Mama!,album,2016,INVALIDA_CONFIRMADA,Suho não integra o EXO-CBX,"Wikipedia: EXO-CBX = Xiumin, Baekhyun e Chen; Suho não integra o subgrupo 'Hey Mama!'",
13898,Vico C,Calle 13,Pa'l Norte,song,2010,INVALIDA_CONFIRMADA,"'Pa'l Norte' é Calle 13 com Orishas, não Vico C","Discogs/Spotify: 'Pa'l Norte' é Calle 13 feat. Orishas; Vico C é só influência, não crédito",
13915,Sonora Santanera,Luis Miguel,La Media Vuelta,song,1996,INVALIDA_CONFIRMADA,"'La Media Vuelta' é Luis Miguel, sem Sonora","Wikipedia: 'La Media Vuelta' de Luis Miguel (álbum Segundo Romance) é solo, sem Sonora Santanera",
13922,Matthieu Chedid,Sting,Desert Rose (French version),feature,2000,INVALIDA_CONFIRMADA,"'Desert Rose' é Sting x Cheb Mami, não -M-","Wikipedia/WhoSampled: 'Desert Rose' é Sting feat. Cheb Mami, não Matthieu Chedid",
13927,Sigur Rós,Radiohead,Ára bátur (live with Radiohead),live,2003,INVALIDA_CONFIRMADA,ao vivo Sigur Rós x Radiohead fabricado,NME/Wikipedia: 'Ára bátur' gravada em 2008 e tocada ao vivo pela 1ª vez em 2025 no Royal Albert Hall; live 2003 c/ Radiohead impossível,
13943,Adam Levine,Stevie Wonder,Just a Fool,song,2012,INVALIDA_CONFIRMADA,'Just a Fool' é Aguilera x Blake Shelton,"Wikipedia/Spotify: 'Just a Fool' (2012) é Christina Aguilera feat. Blake Shelton, não Adam Levine x Stevie Wonder",
14036,DMX,Eve,What These Bitches Want,song,1999,INVALIDA_CONFIRMADA,"Eve é rapper de Filadélfia, não J-Pop; gênero fabricado, mas faixa existe - rótulo errado","Wikipedia/Spotify: 'What These Bitches Want' de DMX feat. Sisqó (Dru Hill), não Eve",
14086,Arafat Abou-Chaker,Bushido,Sonnenbank Flavour,song,2006,INVALIDA_CONFIRMADA,"Arafat Abou-Chaker não é artista/rapper, não gravou faixa","Wikipedia/Discogs: 'Sonnenbank Flavour' é single solo de Bushido; Arafat Abou-Chaker era manager, não artista",
14095,Woodkid,Lykke Li,Heart of Courage,song,2013,INVALIDA_CONFIRMADA,"Heart of Courage é instrumental de Woodkid, não feat Lykke Li","Spotify/SPIN: colaboração Woodkid & Lykke Li é 'Never Let You Down', não 'Heart of Courage'",
14103,José González,Nick Drake,Heartbeats,song,2003,INVALIDA_CONFIRMADA,"Heartbeats é cover de The Knife, Nick Drake morto em 1974",Wikipedia/WhoSampled: 'Heartbeats' de José González é cover solo de The Knife (Dreijer); Nick Drake não participa,
14110,American Authors,fun.,Go Big or Go Home,song,2014,INVALIDA_CONFIRMADA,"Go Big or Go Home é de American Authors solo, sem fun.","Wikipedia/Spotify: 'Go Big or Go Home' é solo de American Authors (2015), sem fun.",
14156,Styles P,Nas,Nas Is Like (remix),song,1999,INVALIDA_CONFIRMADA,"'Nas Is Like' é de Nas, sem remix com Styles P",Wikipedia/WhoSampled: 'Nas Is Like' e de Nas prod. DJ Premier; nao existe remix oficial com Styles P,
14161,Sheek Louch,DMX,What These Bitches Want,song,2000,INVALIDA_CONFIRMADA,"'What These Bitches Want' é DMX feat Sisqo, não Sheek Louch","Wikipedia: 'What These Bitches Want' e DMX feat. Sisqo, nao Sheek Louch",
14175,S.H.E,Jay Chou,珊瑚海 (Coral Sea),song,2006,INVALIDA_CONFIRMADA,"'Coral Sea' é de Jay Chou feat Lara Liang, não S.H.E","WhoSampled/JpopAsia: 'Coral Sea (珊瑚海)' e dueto de Jay Chou com Lara Liang/Veronin, nao S.H.E",
14197,Ed Sheeran,Yelamos,Celestial,song,2022,INVALIDA_CONFIRMADA,'Celestial' é só de Ed Sheeran (Pokemon); Yelamos inexistente,Wikipedia: 'Celestial' e de Ed Sheeran (co-escrito com Steve Mac/Johnny McDaid) para Pokemon; 'Yelamos' inexistente,
14199,Ed Sheeran,Pharrell Williams,Feels,song,2017,INVALIDA_CONFIRMADA,"'Feels' é Calvin Harris feat Pharrell/Katy/Big Sean, sem Ed",Wikipedia: 'Feels' e Calvin Harris feat. Pharrell/Katy Perry/Big Sean; sem Ed Sheeran,
14216,Sabrina Carpenter,Olivia Rodrigo,Skin,song,2021,INVALIDA_CONFIRMADA,"'Skin' de Sabrina é resposta a Olivia, não colab","BuzzFeed/HollywoodLife: 'Skin' e solo de Sabrina Carpenter, resposta a Olivia Rodrigo, nao colaboracao",
14225,SZA,Beyoncé,SZA on Lemonade,song,2016,INVALIDA_CONFIRMADA,título 'SZA on Lemonade' não é uma faixa real,"Feats de Lemonade (2016) são Jack White, The Weeknd, James Blake e Kendrick Lamar; SZA não consta e 'SZA on Lemonade' não é faixa real (wikipedia/thefader)",
14251,Troye Sivan,Years & Years,Take Yourself Home,song,2020,INVALIDA_CONFIRMADA,"'Take Yourself Home' é solo do Troye Sivan, sem Years & Years","'Take Yourself Home' (2020) é single solo de Troye Sivan, escrito por Leland/Oscar Görres, sem Years & Years (wikipedia/discogs)",
14257,David Guetta,Eminem,Little Bad Girl,song,2011,INVALIDA_CONFIRMADA,"'Little Bad Girl' é Guetta feat Taio Cruz/Ludacris, não Eminem","'Little Bad Girl' (2011) é de David Guetta feat. Taio Cruz e Ludacris, sem Eminem (wikipedia/discogs)",
14286,Future,Gunna,Drip Too Hard,song,2018,INVALIDA_CONFIRMADA,"'Drip Too Hard' é Lil Baby e Gunna, sem Future","'Drip Too Hard' (2018) é de Lil Baby e Gunna, sem Future (wikipedia/spotify)",
14287,21 Savage,Cardi B,Money Bag,song,2018,INVALIDA_CONFIRMADA,"'Money Bag' é solo da Cardi B, sem 21 Savage","'Money Bag' é solo da Cardi B (Invasion of Privacy), sem 21 Savage; colaboração real deles é 'Bartier Cardi' (en.wikipedia.org)",
14290,21 Savage,Nicki Minaj,Bed,song,2018,INVALIDA_CONFIRMADA,"'Bed' é Nicki Minaj feat Ariana Grande, sem 21 Savage","'Bed' é Nicki Minaj feat. Ariana Grande (álbum Queen 2018), sem 21 Savage (en.wikipedia.org)",
14293,Snoop Dogg,Warren G,Regulate,song,1994,INVALIDA_CONFIRMADA,"'Regulate' é Warren G feat Nate Dogg, sem Snoop Dogg","'Regulate' é Warren G & Nate Dogg 1994, Snoop Dogg não é creditado na faixa (en.wikipedia.org, discogs.com)",
14294,Snoop Dogg,Lil Jon,Drop It Like It's Hot,song,2004,INVALIDA_CONFIRMADA,"'Drop It Like It's Hot' é Snoop feat Pharrell, sem Lil Jon","'Drop It Like It's Hot' é Snoop Dogg feat. Pharrell/Neptunes; Lil Jon só no remix, não creditado na original (en.wikipedia.org, discogs.com)",
14301,Metro Boomin,Cardi B,Ric Flair Drip,song,2018,INVALIDA_CONFIRMADA,"'Ric Flair Drip' é Offset e Metro Boomin, sem Cardi B","'Ric Flair Drip' é Offset & Metro Boomin (Without Warning 2017), sem Cardi B (en.wikipedia.org, spotify.com)",
14307,Roddy Ricch,Polo G,Pop Out,song,2019,INVALIDA_CONFIRMADA,"'Pop Out' é Polo G feat Lil Tjay, sem Roddy Ricch","'Pop Out' é Polo G feat. Lil Tjay 2019, sem Roddy Ricch (en.wikipedia.org, discogs.com)",
14317,Pharrell Williams,Missy Elliott,Pass That Dutch,song,2003,INVALIDA_CONFIRMADA,'Pass That Dutch' é da Missy Elliott solo (Timbaland),"'Pass That Dutch' é solo da Missy Elliott, produzida por Timbaland, sem Pharrell (Wikipedia/Discogs)",
14383,Marc Anthony,Will Smith,Gettin' Jiggy Wit It,song,1998,INVALIDA_CONFIRMADA,"'Gettin' Jiggy Wit It' é do Will Smith solo, sem Marc Anthony","'Gettin' Jiggy wit It' é solo de Will Smith, produzida por Poke & Tone, sem Marc Anthony (Wikipedia)",
14392,Nicki Nicole,Jhay Cortez,Ahora Dice,song,2022,INVALIDA_CONFIRMADA,"'Ahora Dice' é Chris Jeday/Balvin/Ozuna/Arcángel, não Nicki/Jhay","'Ahora Dice' é de Chris Jeday feat. J Balvin/Ozuna/Arcángel (remix add Anuel/Cardi/Offset), sem Nicki Nicole nem Jhay Cortez (Spotify/letras.com)",
14404,Emicida,Seu Jorge,AmarElo,song,2019,INVALIDA_CONFIRMADA,"AmarElo tem Majur e Pabllo, não Seu Jorge","'AmarElo' de Emicida traz Majur e Pabllo Vittar, não Seu Jorge (emicida.bandcamp.com)",
14410,Caetano Veloso,Gilberto Gil,Expresso 2222,album,1972,INVALIDA_CONFIRMADA,Expresso 2222 é álbum solo de Gilberto Gil,"'Expresso 2222' é álbum solo de Gilberto Gil (1972), não parceria com Caetano (en.wikipedia.org)",
14413,Caetano Veloso,David Byrne,Nothing Is Going to Stop Us Now,song,1989,INVALIDA_CONFIRMADA,"título é música do Starship, não Caetano/Byrne",'Nothing Is Going to Stop Us Now' é do Starship; não existe faixa Caetano/Byrne com esse título (en.wikipedia.org),
14428,BTS,Sia,Dream Glow,song,2019,INVALIDA_CONFIRMADA,"Dream Glow é com Charli XCX, não Sia","'Dream Glow' (BTS World) é com Charli XCX, não Sia (en.wikipedia.org)",
14430,BTS,Desiigner,DNA,song,2017,INVALIDA_CONFIRMADA,DNA não tem feat de Desiigner,'DNA' do BTS não tem Desiigner; ele participou do remix de 'Mic Drop' (en.wikipedia.org),
14432,LiSA,Cardi B,Money,song,2022,INVALIDA_CONFIRMADA,'Money' é da Cardi B; LiSA J-Pop confundida com Lisa Blackpink,"'Money' de Lisa (Blackpink) é solo; Cardi B só citou como favorita, não participa (en.wikipedia.org)",near_dup_pair15703
14433,LiSA,Doja Cat,SG,song,2021,INVALIDA_CONFIRMADA,'SG' é single Doja/Ozuna/Lisa Blackpink; LiSA errada,"'SG' é de DJ Snake, Ozuna, Megan Thee Stallion e LISA/Blackpink; sem Doja Cat (en.wikipedia.org)",ultrashort_title
14434,LiSA,Megan Thee Stallion,LALISA,song,2021,INVALIDA_CONFIRMADA,"'LALISA' é da Lisa Blackpink, não LiSA J-Pop","'LALISA' é single solo de Lisa/Blackpink; feat com Megan é em 'Rapunzel', não LALISA (en.wikipedia.org)",
14448,Imagine Dragons,Khalid,Enemy,song,2021,INVALIDA_CONFIRMADA,"'Enemy' é com J.I.D, não Khalid","'Enemy' (2021) é do Imagine Dragons com JID, não Khalid (en.wikipedia.org)",
14451,Imagine Dragons,Kygo,Whatever It Takes,song,2017,INVALIDA_CONFIRMADA,'Whatever It Takes' é solo do Imagine Dragons,'Whatever It Takes' é solo do Imagine Dragons; nenhum remix/colab com Kygo (en.wikipedia.org),
14452,Imagine Dragons,Avicii,Levels,song,2021,INVALIDA_CONFIRMADA,"'Levels' é música do Avicii, não colaboração","'Levels' é single solo do Avicii (2011), sem Imagine Dragons (en.wikipedia.org)",
14453,Linkin Park,Paul McCartney,New Divide,song,2009,INVALIDA_CONFIRMADA,'New Divide' é solo do Linkin Park; McCartney absurdo,"'New Divide' (2009) escrita/gravada só pelo Linkin Park, produzida por Mike Shinoda, sem McCartney (en.wikipedia.org)",
14455,Linkin Park,Steven Tyler,Iridescent,song,2011,INVALIDA_CONFIRMADA,'Iridescent' é solo do Linkin Park,"'Iridescent' é faixa solo do Linkin Park em A Thousand Suns, sem Steven Tyler (en.wikipedia.org)",
14456,Fall Out Boy,Elton John,Young and Menace,song,2017,INVALIDA_CONFIRMADA,'Young and Menace' é solo do Fall Out Boy,"'Young and Menace' (2017) escrita/performada só pelo Fall Out Boy, sem Elton John (en.wikipedia.org)",
14461,Fall Out Boy,Sirah,My Songs Know What You Did in the Dark,song,2013,INVALIDA_CONFIRMADA,'My Songs Know...' é solo; Sirah é ligada a Skrillex,"'My Songs Know...' original é solo do Fall Out Boy; remix tem 2 Chainz, não Sirah (en.wikipedia.org)",
14466,Måneskin,Damiano David,Beggin',song,2021,INVALIDA_CONFIRMADA,Damiano David é o próprio vocalista do Måneskin,"Damiano David é o próprio vocalista do Måneskin; 'Beggin'' é da banda, não colab (en.wikipedia.org)",
14714,Don Omar,J. Balvin,Ella y Yo,song,2011,INVALIDA_CONFIRMADA,"Ella y Yo é de Don Omar com Aventura, não J Balvin","Wikipedia/Spotify: 'Ella y Yo' é de Aventura feat. Don Omar (2004-05), J. Balvin não participa",
14724,Christina Aguilera,Nicki Minaj,Primadonna (Remix),song,2012,INVALIDA_CONFIRMADA,Primadonna é de Marina; remix com Aguilera/Nicki não existe,Apple/Spotify: 'Primadonna' é de Marina and The Diamonds; não existe remix com Christina Aguilera/Nicki Minaj,
14730,Christina Aguilera,Cardi B,Sault,song,2019,INVALIDA_CONFIRMADA,'Sault' não é faixa de Aguilera com Cardi B; fabricação,Wikipedia (Liberation): Aguilera lamentou não ter tido Cardi B no álbum; não existe faixa 'Sault' entre elas,
14758,Léo Santana,Parangolé,Galinha Pintadinha,song,2019,INVALIDA_CONFIRMADA,Galinha Pintadinha não é faixa de Léo Santana com Parangolé,"Wikipedia: 'Galinha Pintadinha' é marca infantil de Juliano Prado/Marcos Luporini (voz Vera Fuzaro), não faixa de Léo Santana com Parangolé",
15026,Seu Jorge,David Bowie,Rebel Rebel,song,2004,INVALIDA_CONFIRMADA,"cover solo de Bowie, não colaboração real","Wikipedia/Rolling Stone: 'Rebel Rebel' é cover solo de Seu Jorge (Life Aquatic, 2004); Bowie não participa da gravação",
15050,Rosé,The Weeknd,One of the Girls,song,2023,INVALIDA_CONFIRMADA,"'One of the Girls' é The Weeknd/JENNIE/Lily-Rose Depp, não Rosé",'One of the Girls' é The Weeknd com JENNIE e Lily-Rose Depp; Rosé não participa (Wikipedia/Discogs),
15052,Rosé,Pharrell Williams,ROSÉ and Bruno Mars album,song,2024,INVALIDA_CONFIRMADA,"título genérico fabricado, não é música real",Colab Rosé/Bruno Mars é 'APT.' (2024); título é fabricado e Pharrell não é colaborador da faixa (Wikipedia/Billboard),
15075,Green Day,Fall Out Boy,Punk Rock Almanac,song,2022,INVALIDA_CONFIRMADA,"título fabricado, não é música real com Fall Out Boy",Nenhuma música 'Punk Rock Almanac' de Green Day com Fall Out Boy existe; título fabricado (busca web/Wikipedia),
15082,Wizkid,Swae Lee,Ginger,song,2020,INVALIDA_CONFIRMADA,"'Ginger' é Wizkid feat. Burna Boy, não Swae Lee","'Ginger' (Made in Lagos) é Wizkid feat. Burna Boy, não Swae Lee (Wikipedia/Spotify)",
15116,Shawn Mendes,Teddy Swims,Summer of Love,song,2021,INVALIDA_CONFIRMADA,"'Summer of Love' é Shawn Mendes e Tainy, não Teddy Swims","'Summer of Love' (2021) é Shawn Mendes e Tainy, não Teddy Swims (Wikipedia/Spotify)",
15121,Demi Lovato,will.i.am,That Power,song,2013,INVALIDA_CONFIRMADA,"#thatPOWER é do will.i.am com Justin Bieber, não Demi","'#thatPOWER' é will.i.am feat. Justin Bieber 2013, sem Demi Lovato (en.wikipedia.org, spotify.com)",
15138,Frank Ocean,Kanye West,New Magic Wand,song,2013,INVALIDA_CONFIRMADA,"'New Magic Wand' é do Tyler, não Frank/Kanye","'New Magic Wand' é de Tyler, the Creator feat. A$AP Rocky/Santigold (IGOR 2019); Frank/Kanye em outras faixas, não nesta (en.wikipedia.org)",
15140,Frank Ocean,Drake,Thinking About You (feat. Drake),song,2016,INVALIDA_CONFIRMADA,'Thinking Bout You' não tem feature de Drake,"'Thinkin Bout You' é solo de Frank Ocean (Channel Orange 2012), sem feature de Drake (en.wikipedia.org)",
15142,Frank Ocean,Kendrick Lamar,Complexion (A Zulu Love),song,2015,INVALIDA_CONFIRMADA,"'Complexion' é do Kendrick, não Frank","'Complexion (A Zulu Love)' é Kendrick Lamar feat. Rapsody (To Pimp a Butterfly 2015), não Frank Ocean (spotify.com, music.apple.com)",
15165,Calvin Harris,Halsey,Pray to God,song,2015,INVALIDA_CONFIRMADA,"'Pray to God' é com HAIM, não Halsey","'Pray to God' é Calvin Harris feat. HAIM 2015, não Halsey (en.wikipedia.org, discogs.com)",
15171,Major Lazer,Beyoncé,Run the World (Girls) Remix,song,2011,INVALIDA_CONFIRMADA,remix de 'Run the World' por Major Lazer não existe,"'Run the World (Girls)' apenas faz sample de 'Pon de Floor' do Major Lazer; não existe remix oficial em colaboração (whosampled.com, wikipedia)",
15185,Tiësto,Bia,Jackie Chan,song,2018,INVALIDA_CONFIRMADA,Bia não participa de 'Jackie Chan',"'Jackie Chan' é creditada a Tiësto, Dzeko, Preme e Post Malone; Bia não participa (wikipedia, spotify)",
15205,Travis Scott,Cardi B,Beibs in the Trap,song,2017,INVALIDA_CONFIRMADA,"'Beibs in the Trap' é com Nav, não Cardi B","'Beibs in the Trap' de Travis Scott é feat. NAV, não Cardi B (wikipedia, whosampled)",
15213,Lil Durk,SZA,TIKE,song,2023,INVALIDA_CONFIRMADA,música inexistente entre os dois,"HipHopDX/Wikipedia: Durk pediu SZA publicamente; sem colab lançada, 'TIKE' inexistente",
15222,Eminem,50 Cent,"Jimmy, Brian and Mike",song,2018,INVALIDA_CONFIRMADA,música inexistente,"eminem.com/Songfacts: 'Jimmy, Brian and Mike' é solo do Eminem, sem 50 Cent",
15225,A$AP Rocky,Florence Welch,M's,song,2015,INVALIDA_CONFIRMADA,"M'$ é solo do Rocky, sem Florence",Wikipedia: 'M'$' feat. Lil Wayne; colab Rocky+Florence Welch é 'I Come Apart',
15236,DaBaby,Future,Jumpin on a Jet,song,2019,INVALIDA_CONFIRMADA,Jumpin on a Jet é solo do Future,"Wikipedia: 'Jumpin on a Jet' é single solo do Future (The Wizrd), sem DaBaby",
15251,Wiz Khalifa,Amber Rose,No Sleep,song,2011,INVALIDA_CONFIRMADA,No Sleep é solo do Wiz,"Wikipedia: 'No Sleep' é solo do Wiz Khalifa; Amber Rose só aparece no videoclipe, não é artista",
15252,Wiz Khalifa,Abra,Bad Together,song,2018,INVALIDA_CONFIRMADA,fabricação cross-cultural,Dua Lipa Wiki: único 'Bad Together' é da Dua Lipa; sem colaboração Wiz Khalifa x Abra,
15253,Wiz Khalifa,IZ*ONE,Feel Special,song,2019,INVALIDA_CONFIRMADA,Feel Special é do TWICE,"Wikipedia: 'Feel Special' é single do TWICE (2019), não Wiz Khalifa/IZ*ONE",
15257,Rick Ross,Usher,Sanctified,song,2014,INVALIDA_CONFIRMADA,Sanctified é com Kanye/Big Sean,"Wikipedia/Spotify: 'Sanctified' credita Rick Ross ft Kanye West & Big Sean, não Usher",
15260,Rick Ross,Foxy Brown,The Devil Is a Lie,song,2014,INVALIDA_CONFIRMADA,Devil Is a Lie é com Jay-Z,"Wikipedia/Spotify: 'The Devil Is a Lie' é Rick Ross ft Jay-Z, não Foxy Brown",
15263,Rick Ross,Wale,Lotus Flower Bomb,song,2012,INVALIDA_CONFIRMADA,Lotus Flower Bomb é Wale ft Miguel,"Wikipedia/Spotify: 'Lotus Flower Bomb' é Wale ft Miguel, não Rick Ross",
15275,Daddy Yankee,Wisin,Noche de Sexo,song,2007,INVALIDA_CONFIRMADA,Noche de Sexo é Wisin & Yandel/Aventura,"AllMusic: 'Noche de Sexo' é Wisin & Yandel ft Aventura, não Daddy Yankee",
15277,Daddy Yankee,Bad Bunny,MIA,song,2018,INVALIDA_CONFIRMADA,MIA é Bad Bunny ft Drake,"Wikipedia/Spotify: 'MIA' é Bad Bunny ft Drake, não Daddy Yankee",
15281,Daddy Yankee,Becky G,Sin Pijama,song,2018,INVALIDA_CONFIRMADA,Sin Pijama é Becky G x Natti Natasha,"Wikipedia: 'Sin Pijama' é Becky G & Natti Natasha; Daddy Yankee só produziu/co-escreveu, não é intérprete",
15283,Feid,J. Balvin,Unforgettable,song,2021,INVALIDA_CONFIRMADA,Unforgettable é French Montana,"Wikipedia/Spotify: 'Unforgettable' é French Montana ft Swae Lee, não Feid/J. Balvin",
15285,Feid,Paulo Londra,Adan y Eva,song,2023,INVALIDA_CONFIRMADA,Adán y Eva é solo do Paulo Londra,Wikipedia/Spotify: 'Adán y Eva' é solo de Paulo Londra (2018); colab real Feid x Londra é 'A Veces',
15299,Ricky Martin,Jennifer Lopez,No Me Ames,song,1999,INVALIDA_CONFIRMADA,No Me Ames é Marc Anthony x JLo,"Wikipedia/Discogs: 'No Me Ames' é dueto Jennifer Lopez com Marc Anthony (1999), sem Ricky Martin",
15302,Ricky Martin,Pitbull,Rain Over Me,song,2011,INVALIDA_CONFIRMADA,"Rain Over Me é Pitbull feat. Marc Anthony, não Ricky Martin","'Rain Over Me' (2011) é Pitbull feat. Marc Anthony, não Ricky Martin (en.wikipedia.org/discogs)",
15326,Matuê,L7nnon,Deu Onda,song,2021,INVALIDA_CONFIRMADA,"Deu Onda é Matuê solo, não colab com L7nnon","'Deu Onda' é de MC G15 (2017); colab real Matuê x L7nnon é 'Sem Dó' (2021), não 'Deu Onda' (spotify/apple music)",
15351,Racionais MC's,NX Zero,Não Deixe o Samba Morrer,song,2006,INVALIDA_CONFIRMADA,Não Deixe o Samba Morrer não é colab Racionais x NX Zero,"'Não Deixe o Samba Morrer' é samba de Edson Conceição/Aloísio Silva gravado por Alcione (1975), não colab Racionais x NX Zero (pt.wikipedia.org)",
15366,Coldplay,Kylie Minogue,Somewhere Only We Know,song,2003,INVALIDA_CONFIRMADA,"Somewhere Only We Know é Keane, não Coldplay x Kylie","'Somewhere Only We Know' (2004) é do Keane, não Coldplay x Kylie Minogue (en.wikipedia.org/discogs)",
15369,Coldplay,Kanye West,Homecoming,song,2007,INVALIDA_CONFIRMADA,"Homecoming é Kanye feat. Chris Martin, não crédito a Coldplay","'Homecoming' é creditada como Kanye West feat. Chris Martin (individual), não à banda Coldplay (en.wikipedia.org)",
15379,Gorillaz,Anthony Hamilton,Hallelujah Money,song,2017,INVALIDA_CONFIRMADA,"Hallelujah Money é com Benjamin Clementine, não Anthony Hamilton","'Hallelujah Money' dos Gorillaz é feat. Benjamin Clementine, não Anthony Hamilton (en.wikipedia.org)",
15390,Davido,Summer Walker,Know Yourself,song,2020,INVALIDA_CONFIRMADA,'Know Yourself' é do Drake; não há colaboração Davido feat. Summer Walker com esse título,Spotify/YouTube: colab real Davido+Summer Walker e 'D & G'; 'Know Yourself' e do Drake,
15404,Luke Combs,Ray Charles,Better Together (Remix),song,2021,INVALIDA_CONFIRMADA,Ray Charles morreu em 2004; remix 2021 com Luke Combs impossível,Wikipedia: 'Better Together' e solo de Luke Combs (2020); nao existe remix/dueto com Ray Charles,
15419,Billie Eilish,Lil Nas X,"Kid Laroi, Juice WRLD type",song,2019,INVALIDA_CONFIRMADA,título placeholder 'type' fabricado; não é música real Eilish/Lil Nas X,"Busca: titulo 'Kid Laroi, Juice WRLD type' e placeholder; nao ha colaboracao Billie Eilish/Lil Nas X documentada",
15422,Billie Eilish,Childish Gambino,Waiting for a Girl Like You,song,2017,INVALIDA_CONFIRMADA,'Waiting for a Girl Like You' é do Foreigner; não há dueto Eilish/Gambino,'Waiting for a Girl Like You' é do Foreigner; sem dueto Eilish/Gambino (Billboard/NME),
15437,Camila Cabello,Madonna,Bitch I'm Loca,song,2019,INVALIDA_CONFIRMADA,"'Bitch I'm Madonna' é da Madonna com Nicki Minaj, não Camila Cabello","'Bitch I'm Loca' é da Madonna feat. Maluma, não Camila Cabello (Spotify/Madonna.com)",
15454,SZA,FEAR.,20 Min,song,2017,INVALIDA_CONFIRMADA,'20 Min' é faixa solo da SZA no Ctrl; 'FEAR.' não é artista,"'20 Min' é faixa solo da SZA no Ctrl; 'FEAR.' é música do Kendrick, não artista (Wikipedia)",
15458,SZA,Bob Dylan,When I Get Home,song,2019,INVALIDA_CONFIRMADA,"'When I Get Home' é álbum de Solange, não colaboração SZA/Bob Dylan",'When I Get Home' é álbum da Solange (2019); sem colaboração SZA/Bob Dylan (Wikipedia),
15472,Usher,Gunna,Standing Next to You (Remix),song,2024,INVALIDA_CONFIRMADA,'Standing Next to You' é do Jungkook (BTS); remix Usher/Gunna fabricado,"'Standing Next to You (Remix)' é do Jungkook feat. Usher, sem Gunna (Rolling Stone/NME)",
15474,Alicia Keys,Pharrell Williams,100 Days 100 Nights,song,2007,INVALIDA_CONFIRMADA,'100 Days 100 Nights' é de Sharon Jones; não é dueto Alicia Keys/Pharrell,"'100 Days, 100 Nights' é da Sharon Jones & The Dap-Kings (2007), não Alicia Keys/Pharrell (Wikipedia)",
15664,Nicki Nicole,Peso Pluma,La Bebe (Remix),song,2023,INVALIDA_CONFIRMADA,"La Bebe Remix é de Peso Pluma com Yng Lvcas, não Nicki Nicole","'La Bebe (Remix)' é de Yng Lvcas com Peso Pluma, sem Nicki Nicole (spotify, billboard)",
15666,Nicki Nicole,Myke Towers,Rae Sremmurd (Remix),song,2021,INVALIDA_CONFIRMADA,título 'Rae Sremmurd (Remix)' não é faixa desses artistas,"Colab real Nicki Nicole+Myke Towers é 'Ella No Es Tuya (Remix)' com Rochy RD; 'Rae Sremmurd (Remix)' não existe deles (billboard, apple music)",
15683,Caetano Veloso,Chet Baker,My Funny Valentine (Live),live,1987,INVALIDA_CONFIRMADA,dueto ao vivo com Chet Baker improvável e não documentado,"Caetano admirava Chet Baker como influência, mas não há dueto/gravação 'My Funny Valentine' juntos (allmusic, worldmusiccentral)",
15688,MC Kevinho,Gloria Groove,Olha a Explosão,song,2018,INVALIDA_CONFIRMADA,"Olha a Explosão é de MC Kevinho sozinho, não com Gloria Groove","'Olha a Explosão' é solo de MC Kevinho; remix oficial tem 2 Chainz/French Montana/Nacho, sem Gloria Groove (spotify, umusicbrazil)",
15701,LiSA,LALISA,Money,song,2021,INVALIDA_CONFIRMADA,"confunde LiSA com LALISA; Money é de Lisa do BLACKPINK, não LiSA J-Pop","'Money' é faixa solo de Lisa (BLACKPINK) do álbum LALISA; não é colab de dois artistas distintos, LiSA J-Pop não envolvida (en.wikipedia Money Lisa song)",
15702,LiSA,Tyga,1+1,song,2022,INVALIDA_CONFIRMADA,colaboração LiSA J-Pop com Tyga improvável e não documentada,"Não existe colab '1+1' de nenhuma LiSA com Tyga; Tyga tem '1 of 1' solo de 2016 (wikipedia, hotnewhiphop)",
15703,LiSA,Cardi B,Money (Remix),song,2022,INVALIDA_CONFIRMADA,Money Remix é de Lisa BLACKPINK; atribuição a LiSA J-Pop é fabricação,"'Money' é solo de Lisa (BLACKPINK); remix com Cardi B só existe em mashups fanmade, não oficial com LiSA J-Pop (youtube fan edits, wikipedia)",
15704,LiSA,Fred again..,ROCKSTAR,song,2023,INVALIDA_CONFIRMADA,ROCKSTAR é de Lisa BLACKPINK; confusão com LiSA J-Pop,"'Rockstar' é solo de Lisa (BLACKPINK), escrita por Lisa/Ryan Tedder/Sam Homaee etc., sem Fred again.. (en.wikipedia Rockstar Lisa song)",
15706,LiSA,Rema,LALISA,song,2024,INVALIDA_CONFIRMADA,LALISA é de Lisa BLACKPINK; título e artista trocados,"'LALISA' é single solo de Lisa (2021) sem Rema; colab real Lisa+Rema é 'Goals' 2026 com Anitta (wikipedia Goals song, billboard)",
15710,Jackson Wang,Internet Money,100 Ways,song,2022,INVALIDA_CONFIRMADA,"100 Ways é de Jackson Wang sozinho, não com Internet Money",'100 Ways' é single solo de Jackson Wang (2020); a colab dele com Internet Money é 'Drive You Home' (nme.com/spotify),
15713,Agust D,HYBE,Amygdala,song,2023,INVALIDA_CONFIRMADA,"HYBE é gravadora, não artista; não é colaboração","'Amygdala' de Agust D (D-DAY 2023) credita EL CAPITXN, não HYBE, que é a gravadora, não artista (discogs/albumoftheyear)",
15722,Linkin Park,Nas,Collision Course,album,2004,INVALIDA_CONFIRMADA,"Collision Course é com Jay-Z, não Nas","'Collision Course' (2004) é EP de Linkin Park com Jay-Z, não Nas (en.wikipedia.org/discogs)",
15723,Linkin Park,Eminem,Collision Course (Track),song,2004,INVALIDA_CONFIRMADA,"Collision Course é com Jay-Z, não Eminem","'Collision Course' (2004) é mash-up de Linkin Park com Jay-Z, não Eminem (en.wikipedia.org/discogs)",
15724,Linkin Park,Frank Zappa,Drawbar,song,2010,INVALIDA_CONFIRMADA,"Drawbar é instrumental de Linkin Park com Tom Morello, não Frank Zappa","'Drawbar' (The Hunting Party 2014) é instrumental de Linkin Park feat. Tom Morello, não Frank Zappa (linkinpedia/spotify)",
15729,Fall Out Boy,Machine Gun Kelly,My Body Is a Cage,song,2020,INVALIDA_CONFIRMADA,"My Body Is a Cage é do Arcade Fire, não faixa Fall Out Boy com MGK",'My Body Is a Cage' é do Arcade Fire (Neon Bible 2007); não há faixa Fall Out Boy com MGK com esse título (spotify/wikipedia),
15737,Måneskin,Post Malone,If I Can Dream,song,2021,INVALIDA_CONFIRMADA,If I Can Dream é cover de Elvis; colab Måneskin com Post Malone improvável,"'If I Can Dream' (Elvis soundtrack) é cover solo do Måneskin, sem Post Malone (loudersound/spotify)",
15761,Carrie Underwood,Sam Hunt,If I Didn't Love You,song,2021,INVALIDA_CONFIRMADA,"a música é com Jason Aldean, não Sam Hunt","Wikipedia: 'If I Didn't Love You' é dueto de Jason Aldean e Carrie Underwood, não Sam Hunt",
15770,Beyoncé,Tems,ALREADY,song,2020,INVALIDA_CONFIRMADA,"ALREADY é com Shatta Wale, não Tems","Wikipedia: 'ALREADY' credita Beyoncé, Shatta Wale e Major Lazer, não Tems",
15771,Beyoncé,Childish Gambino,ALREADY,song,2020,INVALIDA_CONFIRMADA,ALREADY não é com Childish Gambino,"Wikipedia: 'ALREADY' credita Beyoncé, Shatta Wale e Major Lazer, não Childish Gambino",
15792,Bruno Mars,Hozier,Too Good at Goodbyes (Live),live,2018,INVALIDA_CONFIRMADA,"música é de Sam Smith, não de Bruno Mars",'Too Good at Goodbyes' é de Sam Smith; sem registro de versão ao vivo Bruno Mars/Hozier,
15813,Meghan Trainor,Nicki Minaj,Better When I'm Dancin',song,2015,INVALIDA_CONFIRMADA,Better When I'm Dancin' não é feat de Nicki Minaj,"Wikipedia: 'Better When I'm Dancin'' é solo de Meghan Trainor, sem feat de Nicki Minaj",
15814,Meghan Trainor,"Earth, Wind & Fire",Can't Stop the Feeling (Remix),song,2016,INVALIDA_CONFIRMADA,Can't Stop the Feeling é de Justin Timberlake,"Wikipedia: 'Can't Stop the Feeling!' é de Justin Timberlake, não remix Meghan Trainor/EWF",
15892,Skrillex,Porter Robinson,Sad Machine,song,2014,INVALIDA_CONFIRMADA,"'Sad Machine' é solo de Porter Robinson, sem Skrillex","Wikipedia/RateYourMusic: 'Sad Machine' é solo de Porter Robinson (com vocal Avanna), sem Skrillex nos créditos",
15896,Alan Walker,Martin Garrix,Tired,song,2017,INVALIDA_CONFIRMADA,"'Tired' é com Gavin James, não Martin Garrix","Wikipedia/Discogs: 'Tired' (2017) é Alan Walker feat. Gavin James, não Martin Garrix",
15905,Kendrick Lamar,Swizz Beatz,Pray for Me,song,2022,INVALIDA_CONFIRMADA,"'Pray for Me' é com The Weeknd, não Swizz Beatz","Wikipedia/Spotify: 'Pray for Me' é The Weeknd com Kendrick Lamar (Black Panther), Swizz Beatz não participa",
15925,Lil Wayne,Big Sean,My Last,song,2011,INVALIDA_CONFIRMADA,"'My Last' é com Chris Brown, não Lil Wayne","Discogs/Wikipedia: 'My Last' (2011) é Big Sean feat. Chris Brown, não Lil Wayne",
15967,Offset,Gunna,Drip Season 3,album,2018,INVALIDA_CONFIRMADA,"Drip Season 3 é mixtape solo de Gunna, não com Offset","Wikipedia/HipHopDX: 'Drip Season 3' é mixtape solo de Gunna (feats: Lil Durk, Nav, Yachty), sem Offset",
16112,BLACKPINK,Halsey,The Album (feature),feature,2020,INVALIDA_CONFIRMADA,Halsey não participa de The Album da BLACKPINK,"Wikipedia/Consequence: The Album traz Selena Gomez e Cardi B como convidadas, nao Halsey",
16113,BLACKPINK,Tyga,Taste (Remix),song,2018,INVALIDA_CONFIRMADA,"Taste é de Tyga solo, sem BLACKPINK","Spotify/YouTube: 'Taste' de Tyga tem feat. Offset, sem BLACKPINK",
16115,BLACKPINK,David Guetta,Boom,song,2020,INVALIDA_CONFIRMADA,Boom não é colaboração BLACKPINK x David Guetta,"Dancing Astronaut/We Rave You: colaboracao BLACKPINK x David Guetta foi 'Lovesick Girls', nao existe 'Boom'",
16121,Jennie,FKA twigs,One of the Girls,song,2023,INVALIDA_CONFIRMADA,One of the Girls não tem FKA twigs,"Wikipedia/Rolling Stone: 'One of the Girls' credita The Weeknd, Jennie e Lily-Rose Depp, sem FKA twigs",
16123,Jennie,Caroline Polachek,Mantra,song,2024,INVALIDA_CONFIRMADA,"Mantra é de Jennie solo, sem Caroline Polachek","Wikipedia: 'Mantra' e single solo de Jennie (comp. Jennie, Claudia Valentina, Zikai), sem Caroline Polachek",
16134,J-Hope,Nicki Minaj,Killin It (Remix),song,2022,INVALIDA_CONFIRMADA,remix Killin It com Nicki Minaj inexistente,"Spotify/Weverse: single de j-hope e 'Killin' It Girl' feat. GloRilla, remix com Nicki Minaj inexistente",
16136,J-Hope,Lil Nas X,Old Town Road (Live),live,2019,INVALIDA_CONFIRMADA,J-Hope não fez Old Town Road ao vivo com Lil Nas X,"Spotify/NPR: remix 'Seoul Town Road' de Old Town Road tem RM do BTS, nao J-Hope",
16137,J-Hope,MAX,Chicken Noodle Soup,song,2019,INVALIDA_CONFIRMADA,"Chicken Noodle Soup é com Becky G, não MAX","Wikipedia/Billboard: 'Chicken Noodle Soup' de j-hope traz feat. Becky G, nao MAX",
16141,Maroon 5,Kid Cudi,Beautiful Goodbye,song,2012,INVALIDA_CONFIRMADA,"Beautiful Goodbye é Maroon 5 solo, sem Kid Cudi","AllMusic/WhoSampled: 'Beautiful Goodbye' e do Maroon 5 (Overexposed), escrita por Levine/Malik/Blanco, sem Kid Cudi",
16144,Red Hot Chili Peppers,Neil Young,Give Me One Reason (Live),live,2014,INVALIDA_CONFIRMADA,"Give Me One Reason é de Tracy Chapman, não RHCP/Neil Young",Wikipedia/Hollywood Reporter: 'Give Me One Reason' e de Tracy Chapman; RHCP e Neil Young tocaram 'Everybody Knows This Is Nowhere' no benefit,
16146,Red Hot Chili Peppers,Danger Mouse,Blood Sugar Sex Magik (Remix),song,2007,INVALIDA_CONFIRMADA,remix de Blood Sugar Sex Magik com Danger Mouse inexistente,"Wikipedia/readdork: Danger Mouse produziu 'The Getaway' (2016); 'Blood Sugar Sex Magik' (1991) foi produzido por Rick Rubin, remix inexistente",
16152,Panic! at the Disco,Weezer,Death of a Bachelor (Live),live,2017,INVALIDA_CONFIRMADA,Death of a Bachelor ao vivo com Weezer improvável,"Wikipedia/Discogs: 'Death of a Bachelor' e faixa solo do Panic!; gravacao ao vivo do tour e solo, sem Weezer",
16153,Panic! at the Disco,Lil Wayne,Emperor's New Clothes (Live),live,2018,INVALIDA_CONFIRMADA,Emperor's New Clothes ao vivo com Lil Wayne inexistente,"Sem colaboração oficial Panic!/Lil Wayne; só mashups de fãs (spin.com, youtube)",
16155,The 1975,Greta Van Fleet,The Sound (Live),live,2019,INVALIDA_CONFIRMADA,The Sound ao vivo com Greta Van Fleet improvável,"'The Sound' é do The 1975 solo (live MSG 2022); sem colab com Greta Van Fleet (só line-up de festival, wikipedia)",
16160,Burna Boy,Coldplay,My Universe (Remix),song,2021,INVALIDA_CONFIRMADA,"My Universe é Coldplay x BTS, não Burna Boy","'My Universe' é Coldplay x BTS; remixes são SUGA/Galantis/Guetta, não Burna Boy (Wikipedia/Spotify)",
16164,Burna Boy,Diddy,Act Now,song,2019,INVALIDA_CONFIRMADA,Act Now com Diddy improvável/inexistente,"Colab real Diddy/Burna Boy é 'Act Like You Got It' (2023), não 'Act Now' 2019 (Spotify/Apple Music)",
16179,Asake,Ludmilla,Dance (Remix),song,2023,INVALIDA_CONFIRMADA,remix Dance com Ludmilla cruzando gêneros improvável,"Colab real Asake x Ludmilla é 'Whine' (2024), não 'Dance' 2023 (Spotify/YouTube)",
16184,Rihanna,Ne-Yo,Barbados Girl,song,2008,INVALIDA_CONFIRMADA,Barbados Girl não é música conhecida de Rihanna x Ne-Yo,Não existe 'Barbados Girl'; Ne-Yo escreveu 'Unfaithful' para Rihanna (Wikipedia),
16187,Rihanna,Slash,Mother Nature,song,2010,INVALIDA_CONFIRMADA,Mother Nature com Slash não é música de Rihanna,"Colab real Rihanna x Slash é 'Rockstar 101' (2010), não 'Mother Nature' (Wikipedia/Spotify)",
16190,The Weeknd,DaBaby,Heartless,song,2019,INVALIDA_CONFIRMADA,"Heartless é The Weeknd solo, sem DaBaby","'Heartless' é The Weeknd solo; remix feat. Lil Uzi Vert, não DaBaby (Wikipedia/Spotify)",
16191,The Weeknd,J. Cole,The Zone,song,2011,INVALIDA_CONFIRMADA,"The Zone é The Weeknd com Drake, não J. Cole","'The Zone' é The Weeknd feat. Drake (2011), não J. Cole (Wikipedia/Spotify)",
16192,The Weeknd,Young Thug,Wanderlust,song,2021,INVALIDA_CONFIRMADA,"Wanderlust é The Weeknd solo, sem Young Thug","'Wanderlust' é The Weeknd solo (2013, remix feat. Pharrell); colab com Young Thug é 'Better Believe' (Wikipedia)",
16193,Lady Gaga,Akon,Just Dance,song,2008,INVALIDA_CONFIRMADA,"Just Dance é com Colby O'Donis, não Akon como par creditado","'Just Dance' credita feat. Colby O'Donis; Akon foi co-autor/vocais não creditados, não o par creditado (Wikipedia)",
16197,Lady Gaga,Celine Dion,I'll Never Love Again,song,2018,INVALIDA_CONFIRMADA,"I'll Never Love Again é Lady Gaga solo, sem Celine Dion",'I'll Never Love Again' é Lady Gaga (e Bradley Cooper no filme); Celine Dion não participou (Wikipedia),
16199,Charlie Puth,Danielle,That's Hilarious,song,2021,INVALIDA_CONFIRMADA,That's Hilarious é Charlie Puth solo; Danielle não é colaboradora,"Wikipedia/Songfacts: 'That's Hilarious' é solo de Charlie Puth, sem Danielle",
16211,Sam Smith,Lay,Thunder,song,2020,INVALIDA_CONFIRMADA,"par improvável, feature Sam Smith x Lay não existe",Nenhuma faixa 'Thunder' de Sam Smith 2020 nem feature com Lay Zhang; inexistente (wikipedia.org),
16260,J. Cole,TLC,Crocodile Toothpaste,song,2017,INVALIDA_CONFIRMADA,'Crocodile Toothpaste' não é faixa real de J. Cole x TLC,"A faixa real é 'Crocodile Tearz' de J. Cole (solo, 2024); não existe 'Crocodile Toothpaste' com TLC (wikipedia.org)",
16262,J. Cole,Young Thug,Thotiana (Remix),song,2019,INVALIDA_CONFIRMADA,"'Thotiana Remix' é Blueface/Cardi, não J. Cole x Young Thug","'Thotiana (Remix)' é de Blueface feat. Cardi B & YG, não J. Cole x Young Thug (spotify.com, music.apple.com)",
16264,Cardi B,Chance the Rapper,Best Part,song,2018,INVALIDA_CONFIRMADA,"'Best Part' é Daniel Caesar feat. H.E.R., não Cardi x Chance","'Best Part' é de Daniel Caesar feat. H.E.R. (2017), não Cardi B x Chance (wikipedia.org)",near_dup_pair5642
16274,Post Malone,Halsee,Only Wanna Be With You,song,2019,INVALIDA_CONFIRMADA,'Only Wanna Be With You' é solo de Post Malone; 'Halsee' fabricado,"'Only Wanna Be With You (Pokémon 25)' é cover solo de Post Malone, sem feature; 'Halsee' inexistente (bulbapedia.bulbagarden.net)",
16275,Post Malone,Young Thug,Scared to Be Lonely (Remix),song,2017,INVALIDA_CONFIRMADA,"'Scared to Be Lonely' é Martin Garrix/Dua Lipa, não Post x Thug","'Scared to Be Lonely' é de Martin Garrix feat. Dua Lipa, não Post Malone x Young Thug (wikipedia.org)",
16444,Marcelo D2,Racionais MC's,Sobrevivendo no Inferno (Clipe),song,2017,INVALIDA_CONFIRMADA,"'Sobrevivendo no Inferno' é álbum dos Racionais, não colab com D2","Discogs/YouTube: 'Sobrevivendo no Inferno' (1997) é álbum solo do Racionais MC's, não clipe/colab com Marcelo D2 (havia até desavença)",
16448,Jung Kook,Major Lazer,We Don't Talk About That,song,2023,INVALIDA_CONFIRMADA,faixa Jung Kook-Major Lazer inexistente,"Spotify/Rolling Stone: colab real Jung Kook x Major Lazer é 'Closer to You' (Golden, 2023); 'We Don't Talk About That' inexistente",
16451,Rosé,Lady Gaga,FLOWER,song,2024,INVALIDA_CONFIRMADA,"'FLOWER' é solo da Rosé, não colab com Lady Gaga",Wikipedia: 'FLOWER' (2023) é single solo de Jisoo (não Rosé) e sem Lady Gaga,
16452,Rosé,Jennie,BLACKPINK 2024 Collab,song,2024,INVALIDA_CONFIRMADA,título genérico fabricado 'BLACKPINK 2024 Collab',Billboard/Wikipedia: em 2024 Rosé ('rosie') e Jennie ('Mantra') só lançaram solos; nenhuma faixa conjunta 'BLACKPINK 2024 Collab',
16455,NIKI,Jackson Wang,Drive (Remix),song,2021,INVALIDA_CONFIRMADA,'Drive' remix NIKI-Jackson Wang inexistente,Spotify/NME: colab real NIKI x Jackson Wang é 'California (Remix)' (2021); nenhum 'Drive (Remix)' entre eles,
16458,RM,Erykah Badu,Bicycle,song,2022,INVALIDA_CONFIRMADA,"'Bicycle' é single solo de RM, não colab com Erykah Badu","Wikipedia/Billboard: 'Bicycle' é RM solo; Erykah Badu aparece em 'Yun' do Indigo, não em 'Bicycle'",
16459,RM,Anderson .Paak,POP/STARS,song,2019,INVALIDA_CONFIRMADA,"'POP/STARS' é K/DA, não colab RM-Anderson .Paak","Wikipedia/Discogs: 'POP/STARS' é K/DA feat. Madison Beer, (G)I-DLE, Jaira Burns; sem RM/Anderson .Paak",
16464,OneRepublic,Katy Perry,Wild@Heart,song,2021,INVALIDA_CONFIRMADA,colaboração OneRepublic-Katy Perry inexistente,"Wikipedia (Human): OneRepublic tem 'Wild Life', não 'Wild@Heart'; nenhuma colab OneRepublic-Katy Perry existe",
16465,OneRepublic,DJ Shadow,I'll Be Missing You,song,2019,INVALIDA_CONFIRMADA,"'I'll Be Missing You' é Puff Daddy, não OneRepublic-DJ Shadow",Wikipedia/Discogs: 'I'll Be Missing You' é Puff Daddy & Faith Evans feat. 112; sem OneRepublic/DJ Shadow,
16561,Mariah Carey,Bryan Adams,When You Believe,song,1998,INVALIDA_CONFIRMADA,"'When You Believe' foi com Whitney Houston, não Bryan Adams","Wikipedia/whitneyhouston.com: 'When You Believe' (1998) é dueto Mariah Carey & Whitney Houston, não Bryan Adams",
16591,Kanye West,Kid Cudi,Everybody Wants to Be My Enemy,song,2018,INVALIDA_CONFIRMADA,"'Everybody Wants to Be My Enemy' é de Studio Killers, não Kanye/Cudi",Wikipedia: tracklist de Kids See Ghosts (Kanye/Cudi) não tem 'Everybody Wants to Be My Enemy'; é verso de 'Enemy' de Imagine Dragons/J.I.D,
16616,Lil Durk,Young Thug,Rich Flex,song,2022,INVALIDA_CONFIRMADA,"'Rich Flex' é Drake & 21 Savage, não Lil Durk/Young Thug","Wikipedia: 'Rich Flex' (Her Loss, 2022) é de Drake & 21 Savage, não Lil Durk/Young Thug",
16653,Migos,Meek Mill,Oodles O' Noodles Babies,song,2021,INVALIDA_CONFIRMADA,"faixa é do Meek Mill, sem Migos","'Oodles O' Noodles Babies' é solo do Meek Mill (Championships 2018), produção Butter Beats/Kendxll, sem Migos (en.wikipedia.org)",
16660,Wiz Khalifa,Bruno Mars,See You Again,song,2015,INVALIDA_CONFIRMADA,"See You Again é com Charlie Puth, não Bruno Mars","'See You Again' é Wiz Khalifa feat. Charlie Puth (Furious 7, 2015), sem Bruno Mars (en.wikipedia.org)",
16663,Rick Ross,Future,Purple Lamborghini,song,2016,INVALIDA_CONFIRMADA,"Purple Lamborghini é Skrillex & Rick Ross, sem Future","'Purple Lamborghini' é Skrillex & Rick Ross (Suicide Squad, 2016), sem Future (en.wikipedia.org, billboard.com)",
16677,Ice Spice,Latto,Bikini Bottom,song,2023,INVALIDA_CONFIRMADA,"Bikini Bottom é Ice Spice sozinha, sem Latto","'Bikini Bottom' é solo da Ice Spice (2022); Latto só ligada por momento viral de entrevista, sem colab (en.wikipedia.org)",
16678,Ice Spice,Kali Uchis,Deli,song,2023,INVALIDA_CONFIRMADA,"Deli é Ice Spice sozinha, sem Kali Uchis","'Deli' é single solo da Ice Spice (EP Like..?), sem Kali Uchis (en.wikipedia.org)",
16679,J. Balvin,Bad Bunny,Un Verano Sin Ti (collaboration),song,2022,INVALIDA_CONFIRMADA,"Un Verano Sin Ti é álbum do Bad Bunny, não colab",'Un Verano Sin Ti' é álbum solo do Bad Bunny; J Balvin não aparece nele (en.wikipedia.org),
16682,J. Balvin,Bad Bunny,UN VERANO SIN TI,album,2022,INVALIDA_CONFIRMADA,"álbum é do Bad Bunny solo, não J. Balvin","Álbum 'Un Verano Sin Ti' (2022) é solo do Bad Bunny, não colab com J Balvin (en.wikipedia.org)",
16684,J. Balvin,Khalid,Wild Thoughts,song,2017,INVALIDA_CONFIRMADA,"Wild Thoughts é DJ Khaled/Rihanna, não Balvin/Khalid",'Wild Thoughts' é de DJ Khaled feat. Rihanna e Bryson Tiller; Balvin/Khalid gravaram 'Otra Noche Sin Ti' (en.wikipedia.org),
16692,Feid,Bad Bunny,Monaco,song,2023,INVALIDA_CONFIRMADA,"Monaco é Bad Bunny solo, sem Feid","'Monaco' é faixa solo do Bad Bunny (álbum Nadie Sabe...), sem Feid (en.wikipedia.org)",
16695,Feid,Quevedo,Beso,song,2023,INVALIDA_CONFIRMADA,"Beso é Rosalía & Rauw Alejandro, não Feid/Quevedo","'Beso' (2023) é de Rosalía & Rauw Alejandro, não Feid/Quevedo (en.wikipedia.org)",
16702,Wisin,Ricky Martin,Hasta el Amanecer,song,2017,INVALIDA_CONFIRMADA,"Hasta el Amanecer é Nicky Jam, não Wisin/Ricky Martin",'Hasta el Amanecer' é do Nicky Jam; Ricky Martin não consta (en.wikipedia.org),
16703,Wisin,Enrique Iglesias,Move to Miami,song,2018,INVALIDA_CONFIRMADA,Move to Miami é Enrique Iglesias feat. Pitbull,'Move to Miami' é Enrique Iglesias feat. Pitbull; Wisin não participa (en.wikipedia.org),
16717,Ricky Martin,Paloma Faith,Wherever I Go,song,2015,INVALIDA_CONFIRMADA,"Wherever I Go é OneRepublic, não Ricky/Paloma","'Wherever I Go' (2016) é do OneRepublic, não Ricky Martin/Paloma Faith (en.wikipedia.org)",
16760,Alok,System of a Down,BYOB (Remix),song,2018,INVALIDA_CONFIRMADA,remix fabricado com banda de metal,Beatport/Spotify: 'BYOB' é de Alok & Sevenn samplando System of a Down; SOAD não é colaborador creditado,
16775,Racionais MC's,MV Bill,Soldado do Morro,song,2006,INVALIDA_CONFIRMADA,Soldado do Morro é solo do MV Bill,"Spotify: 'Soldado do Morro' é de MV Bill (1999) com DJ Luciano, sem Racionais MC's",
16813,Gorillaz,Slow Thai,The Valley of The Pagans,song,2020,INVALIDA_CONFIRMADA,"Valley of the Pagans é com Beck, não Slowthai","Spotify/Wikipedia: 'The Valley of The Pagans' é Gorillaz feat. Beck, não Slowthai",
16826,Davido,Nicki Minaj,If,song,2017,INVALIDA_CONFIRMADA,"If é hit solo do Davido, sem Nicki","Wikipedia: 'If' é solo de Davido (prod. Tekno, 2017); remix tem R. Kelly, não Nicki Minaj",ultrashort_title
16829,Davido,SZA,So Crazy,song,2021,INVALIDA_CONFIRMADA,"So Crazy é com Lil Baby, não SZA","Spotify: 'So Crazy' de Davido é feat. Lil Baby, não SZA",
16994,The Weeknd,Madonna,Die For You,song,2023,INVALIDA_CONFIRMADA,"Die For You remix é com Ariana Grande, não Madonna","Wikipedia/Apple Music: remix de 'Die For You' (2023) é com Ariana Grande, não Madonna",
16996,The Weeknd,Republic,Creepin',song,2022,INVALIDA_CONFIRMADA,"Creepin' é Metro Boomin com Weeknd e 21; Republic é gravadora, não artista","Wikipedia/Spotify: 'Creepin'' credita Metro Boomin, The Weeknd e 21 Savage; Republic é gravadora, não artista",
17005,Bad Bunny,Post Malone,Sensationail,song,2021,INVALIDA_CONFIRMADA,Sensationail não é música real de Bad Bunny e Post Malone,"Sem registro de música 'Sensationail'; Bad Bunny e Post Malone só fizeram dueto ao vivo em Coachella (NME), sem faixa de estúdio",
17009,Bad Bunny,Nesi,Andrea,song,2022,INVALIDA_CONFIRMADA,"Andrea é com Buscabulla, não com Nesi","Spotify/WhoSampled: 'Andrea' de Un Verano Sin Ti é Bad Bunny feat. Buscabulla, não Nesi",
17017,Ed Sheeran,Nicki Minaj,Beautiful People,song,2019,INVALIDA_CONFIRMADA,"'Beautiful People' é com Khalid, não Nicki Minaj","Discogs/Songfacts: 'Beautiful People' é Ed Sheeran feat. Khalid, não Nicki Minaj",near_dup_pair15430
17019,Ed Sheeran,Elton John,Cold Heart,song,2021,INVALIDA_CONFIRMADA,"'Cold Heart' é de Elton John e Dua Lipa, não Ed Sheeran","Wikipedia: 'Cold Heart (Pnau remix)' é Elton John & Dua Lipa, não Ed Sheeran",
17028,Justin Bieber,Lil Dicky,Freaky Friday,song,2018,INVALIDA_CONFIRMADA,"'Freaky Friday' de Lil Dicky é com Chris Brown, não Bieber","Wikipedia: 'Freaky Friday' é Lil Dicky feat. Chris Brown, não Justin Bieber",
17029,Justin Bieber,Kehlani,Already,song,2020,INVALIDA_CONFIRMADA,"'Already' é Beyoncé/Shatta Wale, não Bieber/Kehlani","Wikipedia/Spotify: 'Already' é Beyoncé, Shatta Wale & Major Lazer, não Bieber/Kehlani",
17035,Ariana Grande,Ty Dolla $ign,Rule the World,song,2017,INVALIDA_CONFIRMADA,"'Rule the World' é de 2 Chainz, não Ty Dolla $ign","Wikipedia: 'Rule the World' é 2 Chainz feat. Ariana Grande, não Ty Dolla $ign",
17045,Beyoncé,Kanye West,Everything Is Love,song,2018,INVALIDA_CONFIRMADA,"'Everything Is Love' é álbum de Beyoncé e Jay-Z, não Kanye","Wikipedia: 'Everything Is Love' é álbum de The Carters (Beyoncé e Jay-Z), não colab com Kanye",
17068,Post Malone,Doja Cat,Enemies,song,2021,INVALIDA_CONFIRMADA,"'Enemies' de Post Malone é com DaBaby, não Doja Cat","Wikipedia/Spotify: 'Enemies' de Post Malone é feat. DaBaby, não Doja Cat",
17071,Post Malone,Future,Cooped Up,song,2022,INVALIDA_CONFIRMADA,"'Cooped Up' é Post Malone com Roddy Ricch, não Future","Wikipedia/Spotify: 'Cooped Up' é Post Malone feat. Roddy Ricch, não Future",
17072,Post Malone,Future,Spoil My Night,song,2018,INVALIDA_CONFIRMADA,"'Spoil My Night' é Post Malone com Swae Lee, não Future","Spotify/Songfacts: 'Spoil My Night' é Post Malone feat. Swae Lee, não Future",
17079,Dua Lipa,Anitta,Boom,song,2021,INVALIDA_CONFIRMADA,'Boom' não é colab conhecida Dua Lipa/Anitta,Popline/Terra: colab Dua Lipa/Anitta nunca saiu (só tentativa 2017); nenhum 'Boom' existe,
17081,Dua Lipa,Hozier,Love Wins,song,2020,INVALIDA_CONFIRMADA,'Love Wins' não é colaboração Dua Lipa/Hozier,Busca (Wikipedia/Spotify): não existe 'Love Wins' com Dua Lipa e Hozier,
17086,Travis Scott,21 Savage,Out West,song,2020,INVALIDA_CONFIRMADA,"'Out West' é Travis Scott com Young Thug, não 21 Savage","Wikipedia/Spotify: 'Out West' é JACKBOYS/Travis Scott feat. Young Thug, não 21 Savage",
17095,Kendrick Lamar,SZA,From the D 2 the LBC,song,2022,INVALIDA_CONFIRMADA,"'From the D 2 the LBC' é Eminem/Snoop, não Kendrick/SZA","Wikipedia/eminem.com: 'From the D 2 the LBC' é Eminem com Snoop Dogg, não Kendrick/SZA",
17097,Kendrick Lamar,Lil Nas X,INDUSTRY BABY,song,2021,INVALIDA_CONFIRMADA,"'INDUSTRY BABY' é Lil Nas X com Jack Harlow, não Kendrick","Wikipedia/Billboard: 'INDUSTRY BABY' é Lil Nas X feat. Jack Harlow, Kendrick não participa",
17108,Nicki Minaj,Cardi B,Twerk,song,2018,INVALIDA_CONFIRMADA,"Twerk é City Girls feat. Cardi B, não Nicki","'Twerk' é City Girls feat. Cardi B, sem Nicki Minaj (en.wikipedia.org)",
17114,Cardi B,Drake,Get It Together,song,2017,INVALIDA_CONFIRMADA,"Get It Together é Drake feat. Jorja Smith, não Cardi","'Get It Together' é Drake feat. Jorja Smith e Black Coffee, sem Cardi B (whosampled.com)",
17116,Cardi B,Benson Boone,Beautiful Things (Remix),song,2024,INVALIDA_CONFIRMADA,"remix improvável, não existe",Só existem remixes de fãs/produtores (Henri PFR etc) de 'Beautiful Things'; nenhum remix oficial com Cardi B (soundcloud),
17118,Lil Wayne,Drake,Back to Back,song,2015,INVALIDA_CONFIRMADA,Back to Back é diss solo do Drake,"'Back to Back' é diss solo do Drake contra Meek Mill, sem Lil Wayne (Wikipedia)",
17122,Lil Wayne,Beyoncé,Drunk in Love (Remix),song,2014,INVALIDA_CONFIRMADA,remix inexistente,"O remix oficial de 'Drunk in Love' traz JAY-Z e Kanye West, não Lil Wayne (Wikipedia/Spotify)",
17123,Lil Wayne,Rihanna,Lollipop (Remix),song,2008,INVALIDA_CONFIRMADA,"Lollipop é feat. Static Major, remix com Rihanna não existe","'Lollipop (Remix)' é feat. Static Major e Kanye West, não Rihanna (Apple Music/Discogs)",
17127,Doja Cat,Eve,Who Dat Girl,song,2020,INVALIDA_CONFIRMADA,"Eve J-Pop com Doja não existe, título fabricado",'Who Dat Girl' é do Flo Rida feat. Akon; colab real Doja/Eve chama-se 'Tonight' (Wikipedia),
17133,Doja Cat,Sam Ock,Planet Her (Intro),song,2021,INVALIDA_CONFIRMADA,"Planet Her é álbum da Doja, colab improvável",Planet Her não tem faixa 'Intro' e não há colab Doja Cat com Sam Ock (Wikipedia/Spotify),
17134,Doja Cat,Khalid,Body Count,song,2021,INVALIDA_CONFIRMADA,Body Count é faixa solo da Doja,Não há faixa 'Body Count' em Planet Her nem colab Doja/Khalid (Wikipedia/Billboard),
17136,SZA,Lil Wayne,Low (SZA),song,2023,INVALIDA_CONFIRMADA,Low do SOS é solo da SZA,"'Low' do SOS tem adlibs de Travis Scott, não Lil Wayne (Wikipedia)",
17140,SZA,Jonas Brothers,Hesitate,song,2019,INVALIDA_CONFIRMADA,Hesitate é faixa solo dos Jonas Brothers,"'Hesitate' é faixa dos Jonas Brothers (carta de Joe p/ Sophie), sem SZA (Wikipedia/ET)",
17160,Lady Gaga,Elton John,Always Remember Us This Way (duet),song,2020,INVALIDA_CONFIRMADA,"Always Remember Us This Way é solo da Gaga, não dueto com Elton","'Always Remember Us This Way' é solo da Gaga (A Star Is Born), não dueto com Elton John (Wikipedia)",
17162,Lady Gaga,Florence Welch,Heal Me,song,2018,INVALIDA_CONFIRMADA,Heal Me é solo da Gaga em Joanne,Não existe 'Heal Me' em Joanne; a colab Gaga/Florence é 'Hey Girl' (Wikipedia),
17167,Katy Perry,Kylie Minogue,Padam Padam (remix),song,2023,INVALIDA_CONFIRMADA,remix de Padam Padam com Katy não existe,Remixes oficiais de 'Padam Padam' são Jax Jones/HAAi/Absolute; nenhum com Katy Perry (Mixmag/Wikipedia),
17168,Katy Perry,Sam Smith,When I'm Gone,song,2023,INVALIDA_CONFIRMADA,"When I'm Gone é com Alesso, não Sam Smith","'When I'm Gone' e de Alesso e Katy Perry, sem Sam Smith (en.wikipedia.org)",
17173,Maroon 5,Juice WRLD,Beautiful Mistakes,song,2021,INVALIDA_CONFIRMADA,"Beautiful Mistakes é com Megan Thee Stallion, não Juice WRLD","'Beautiful Mistakes' e Maroon 5 feat. Megan Thee Stallion, nao Juice WRLD (en.wikipedia.org)",
17176,Maroon 5,Adam Levine,Payphone,song,2012,INVALIDA_CONFIRMADA,Adam Levine é o próprio vocalista do Maroon 5,"'Payphone' e Maroon 5 feat. Wiz Khalifa; Adam Levine e o proprio vocalista do Maroon 5, nao colaboracao (en.wikipedia.org)",
17179,Coldplay,Noel Gallagher,Talk (original collaboration),song,2005,INVALIDA_CONFIRMADA,"Talk baseia-se em Kraftwerk, não Noel Gallagher","'Talk' e baseada em 'Computer Love' do Kraftwerk, sem Noel Gallagher (en.wikipedia.org)",
17288,Calvin Harris,Stormzy,How Deep Is Your Love,song,2015,INVALIDA_CONFIRMADA,"How Deep Is Your Love é com Disciples, não com Stormzy","'How Deep Is Your Love' é de Calvin Harris & Disciples ft. Ina Wroldsen; nenhum Stormzy nos créditos (en.wikipedia.org, discogs.com)",
17381,21 Savage,Travis Scott,Highest in the Room (remix),song,2019,INVALIDA_CONFIRMADA,"Highest in the Room remix é com Rosalía/Lil Baby, não 21 Savage","O remix de 'Highest in the Room' é feat. Rosalía e Lil Baby, não 21 Savage (Wikipedia/Spotify)",
17411,J. Cole,Kendrick Lamar,Alright (remix),song,2015,INVALIDA_CONFIRMADA,Alright de Kendrick não tem remix oficial com J. Cole,O remix 'Black Friday' de 'Alright' é freestyle solo de J. Cole sobre a base; Kendrick não aparece na faixa (Vibe/WhoSampled),
17417,J. Cole,Kodak Black,Super Bowl Shuffle,song,2019,INVALIDA_CONFIRMADA,Super Bowl Shuffle não é colab J. Cole/Kodak,'The Super Bowl Shuffle' é dos Chicago Bears Shufflin' Crew (1985); não existe colab J. Cole/Kodak Black (Wikipedia),
17433,Pharrell Williams,SZA,Paramedic!,song,2018,INVALIDA_CONFIRMADA,"Paramedic! é dos SOB x RBE/Kendrick, não Pharrell/SZA","'Paramedic!' (Black Panther) é de SOB x RBE & Kendrick Lamar, sem Pharrell nem SZA (Spotify/Last.fm)",
17434,Pharrell Williams,Usher,Yeah! (production),song,2004,INVALIDA_CONFIRMADA,"Yeah! de Usher produzida por Lil Jon, não Pharrell",'Yeah!' de Usher (feat. Lil Jon & Ludacris) foi produzida por Lil Jon; Pharrell não é autor nem produtor (Wikipedia/Discogs),
17448,Timbaland,Rihanna,SOS (remix),song,2006,INVALIDA_CONFIRMADA,"SOS de Rihanna prod. J.R. Rotem, não Timbaland","'SOS' de Rihanna foi produzida por J.R. Rotem; remixes por Digital Dog etc., sem Timbaland (Wikipedia/WhoSampled)",
17451,Timbaland,Chris Brown,Say Aah (remix),song,2009,INVALIDA_CONFIRMADA,"Say Aah é de Trey Songz, não Chris Brown/Timbaland","'Say Aah' é de Trey Songz feat. Fabolous, não Chris Brown/Timbaland (en.wikipedia.org/whosampled.com)",
17457,Timbaland,Usher,Burn,song,2004,INVALIDA_CONFIRMADA,"Burn de Usher prod. Jam & Lewis, não Timbaland","'Burn' de Usher foi produzida por Jermaine Dupri e Bryan-Michael Cox, sem Timbaland/Usher-colab (en.wikipedia.org)",
17467,Justin Timberlake,Kirk Franklin,My Body Is a Cage (remix),song,2007,INVALIDA_CONFIRMADA,"'My Body Is a Cage' é do Arcade Fire, remix gospel fabricado",Spotify: 'My Body Is a Cage' é do Arcade Fire (2007); nenhum remix gospel JT/Kirk Franklin documentado,
17469,Justin Timberlake,DJ Khaled,INSHA'ALLAH,song,2021,INVALIDA_CONFIRMADA,título 'INSHA'ALLAH' JT x DJ Khaled fabricado,Billboard/Spotify: colab JT x DJ Khaled é 'JUST BE' (2021); nenhuma faixa 'INSHA'ALLAH' existe,
17496,Anitta,Lexa,Loka,song,2016,INVALIDA_CONFIRMADA,"'Loka' é Simone e Simaria feat Anitta, não Lexa","Wikipedia/Discogs: 'Loka' (2016) é Simone & Simaria feat. Anitta, não Lexa",
17507,Anitta,Hitmaker,Grip,song,2022,INVALIDA_CONFIRMADA,"'Hitmaker' não é artista, título fabricado","Rolling Stone/Spotify: 'Grip' (Funk Generation, Anitta) é solo; 'Hitmaker' não é artista",
17509,Anitta,Diplo,Kiss Me Thru the Phone (Remix),song,2022,INVALIDA_CONFIRMADA,"'Kiss Me Thru the Phone' é Soulja Boy, remix Anitta x Diplo fabricado","Spotify: 'Kiss Me Thru the Phone' é de Soulja Boy; Anitta e Diplo colaboraram em Sua Cara/Make It Hot, não nesse remix",
17524,Ludmilla,Nicki Minaj,Nem Vem (feat.),feature,2017,INVALIDA_CONFIRMADA,Ludmilla x Nicki Minaj 'Nem Vem' não existe,Nenhuma colaboração Ludmilla x Nicki Minaj 'Nem Vem' existe (Wikipedia/lista de músicas de Nicki Minaj),
17552,Luísa Sonza,Gloria Groove,Parado No Bailão,song,2022,INVALIDA_CONFIRMADA,"'Parado No Bailão' é do MC L da Vinte, não de Sonza/Groove","Spotify/Apple Music: 'Parado No Bailão' é de MC L da Vinte & MC Gury, não Luísa Sonza/Gloria Groove",
17555,Luísa Sonza,Lil Nas X,Toma (feat.),feature,2022,INVALIDA_CONFIRMADA,cross-cultural improvável; sem registro de Sonza com Lil Nas X,"Spotify/Letras: 'TOMA' de Luísa Sonza tem part. de ZAAC, não Lil Nas X",
17557,Luísa Sonza,Dua Lipa,Levitando (feat.),feature,2021,INVALIDA_CONFIRMADA,'Levitating' é de Dua Lipa; não há versão com Luísa Sonza,WhoSampled: 'Levitating' é de Dua Lipa (remix ft. DaBaby); não há versão com Luísa Sonza,
17559,Luísa Sonza,Benson Boone,Beautiful Things (feat.),feature,2024,INVALIDA_CONFIRMADA,'Beautiful Things' é solo de Benson Boone; sem Luísa Sonza,"Wikipedia: 'Beautiful Things' é solo de Benson Boone (2024), sem Luísa Sonza",
17571,Pabllo Vittar,Sam Smith,Unholy (feat.),feature,2023,INVALIDA_CONFIRMADA,"'Unholy' é Sam Smith/Kim Petras, sem Pabllo Vittar",Spotify/Tunebat: 'Unholy' é Sam Smith feat. Kim Petras; sem versão com Pabllo Vittar,
17572,Pabllo Vittar,Kim Petras,Unholy (feat.),feature,2023,INVALIDA_CONFIRMADA,"'Unholy' é Sam Smith/Kim Petras, sem Pabllo Vittar","Spotify: 'Unholy' credita Sam Smith & Kim Petras, mas Pabllo Vittar não participa (dupla claimed é falsa)",
17643,Gusttavo Lima,Kauan & Matheus,Caneta Azul (feat.),feature,2019,INVALIDA_CONFIRMADA,"Caneta Azul é de Nog, não parceria destes","'Caneta Azul' é de Manoel Gomes; não é parceria de Gusttavo Lima com Kauan & Matheus (en.wikipedia.org, open.spotify.com)",
17645,Gusttavo Lima,Naiara Azevedo,50 Reais (ao vivo),live,2021,INVALIDA_CONFIRMADA,"50 Reais é de Naiara com Maiara & Maraisa, não Gusttavo","'50 Reais' (inclusive ao vivo) é de Naiara Azevedo com Maiara & Maraisa, não com Gusttavo Lima (pt.wikipedia.org, open.spotify.com)",
17668,Jorge & Mateus,Naiara Azevedo,50 Reais (ao vivo),live,2021,INVALIDA_CONFIRMADA,50 Reais não é de Jorge & Mateus,"'50 Reais' é de Naiara Azevedo com Maiara & Maraisa; Jorge & Mateus não participam (letras.mus.br, open.spotify.com)",
17700,Matuê,Djonga,Máquina do Tempo (feat.),feature,2020,INVALIDA_CONFIRMADA,Máquina do Tempo não é feat de Djonga,"'Máquina do Tempo' é faixa solo de Matuê (prod. WIU/Celo); álbum tem Teto, WIU, Brandão85, Predella, não Djonga (pt.wikipedia.org, letras.mus.br)",
17702,Matuê,MC Kevin,Máquina do Tempo (feat.),feature,2020,INVALIDA_CONFIRMADA,Máquina do Tempo não é feat de MC Kevin,"'Máquina do Tempo' é solo de Matuê; convidados do álbum são Teto/WIU/Brandão85/Predella, sem MC Kevin (pt.wikipedia.org, letras.mus.br)",
17705,Matuê,Anitta,Joga Pra Lua (feat.),feature,2021,INVALIDA_CONFIRMADA,"Joga Pra Lua é de Anitta 2024, não feat Matuê 2021","'Joga Pra Lua' é de Anitta com DENNIS e Pedro Sampaio (2023/2024), sem Matuê (rollingstone.com, open.spotify.com)",
17710,Matuê,Borges,Máquina do Tempo (feat.),feature,2020,INVALIDA_CONFIRMADA,Máquina do Tempo não é feat de Borges,"'Máquina do Tempo' é faixa-título/álbum solo de Matuê (7 faixas), sem feat de Borges (pt.wikipedia.org, vagalume)",
17723,Emicida,Rico Dalasam,AmarElo (feat.),feature,2019,INVALIDA_CONFIRMADA,"AmarElo é feat Majur e Pabllo Vittar, não Rico Dalasam","'AmarElo' de Emicida é feat Majur e Pabllo Vittar, não Rico Dalasam (spotify, tenhomaisdiscosqueamigos)",
17758,Alok,Dennis DJ,Baile de Favela (feat.),song,2020,INVALIDA_CONFIRMADA,"'Baile de Favela' é de MC João, não de Alok x Dennis","'Baile de Favela' é de MC João (prod. DJ R7), remixes de Alok e Dennis são separados (Spotify/1001tracklists)",
17764,Alok,Bali Baby,Never Let Me Go (feat.),feature,2019,INVALIDA_CONFIRMADA,"'Never Let Me Go' é com Zeeba/Bruno Martini, não Bali Baby","'Never Let Me Go' é Alok, Bruno Martini e Zeeba (2017), não Bali Baby (Spotify/Spinnin')",
17767,Alok,Benson Boone,In The Name Of Love (feat.),feature,2023,INVALIDA_CONFIRMADA,"'In The Name Of Love' é Bebe Rexha/Martin Garrix, não Alok x Benson Boone","'In the Name of Love' é Martin Garrix & Bebe Rexha (2016), não Alok x Benson Boone (Wikipedia)",
17796,Luan Santana,Jão,Amor de Verdade (feat.),feature,2023,INVALIDA_CONFIRMADA,"'Amor de Verdade' é Pedro Sampaio/Wesley Safadão, não Luan x Jão","'Amor de Verdade' (2018) é MC Kekel e MC Rita, não Luan Santana x Jão (As Super Listas/Letras)",
17812,Pedro Sampaio,Dennis DJ,Baile de Favela (feat.),song,2020,INVALIDA_CONFIRMADA,"'Baile de Favela' é de MC João, não de Pedro Sampaio x Dennis","Spotify/Letras: 'Baile de Favela' é de MC João e DJ R7; Pedro Sampaio apenas remixou, não colab com Dennis",
17823,Pedro Sampaio,Luísa Sonza,CAFÉ DA MANHÃ (feat.),song,2023,INVALIDA_CONFIRMADA,CAFÉ DA MANHÃ é de Luísa Sonza; não é feat com Pedro Sampaio,"'CAFÉ DA MANHÃ ;P' é de Luísa Sonza x Ludmilla, não feat com Pedro Sampaio (spotify.com, letras.com)",
17861,Veigh,Anitta,Funk Generation (feat.),feature,2024,INVALIDA_CONFIRMADA,"Funk Generation é álbum da Anitta, não feat com Veigh","'Funk Generation' é álbum da Anitta; features são Brray, Bad Gyal, Dennis, Pedro Sampaio, Sam Smith, sem Veigh (wikipedia.org)",
17900,Alicia Keys,Drake,Enough Said,song,2012,INVALIDA_CONFIRMADA,"Enough Said é de Aaliyah feat Drake, não de Alicia Keys","'Enough Said' (2012) é de Aaliyah feat. Drake, não Alicia Keys (wikipedia.org)",
17901,Alicia Keys,Lil Wayne,Unbreakable,song,2007,INVALIDA_CONFIRMADA,"Unbreakable é single solo de Alicia Keys, sem feat de Lil Wayne","'Unbreakable' é single solo de Alicia Keys (2005), escrito por Keys/Kanye West/Harold Lilly, sem Lil Wayne (en.wikipedia.org)",
17944,Selena Gomez,Camila Cabello,Feel Me,song,2023,INVALIDA_CONFIRMADA,não existe colaboração Feel Me com Camila,"Wikipedia: 'Feel Me' é solo de Selena Gomez (álbum Rare), sem Camila Cabello nos créditos",
17956,Camila Cabello,Young Thug,Him & I,song,2018,INVALIDA_CONFIRMADA,"Him & I é de G-Eazy e Halsey, não Camila/Young Thug","Wikipedia: 'Him & I' é de G-Eazy e Halsey, não Camila Cabello/Young Thug",
17959,Camila Cabello,Cardi B,Crown,song,2020,INVALIDA_CONFIRMADA,"Crown é de Camila com Grey, não Cardi B","Spotify/Wikipedia: 'Crown' é Camila Cabello & Grey (trilha Bright), sem Cardi B",
18004,The Chainsmokers,Bryce Vine,Do You Mean,song,2017,INVALIDA_CONFIRMADA,"'Do You Mean' é com Ty Dolla e bülow, não Bryce Vine","Discogs/Spotify: 'Do You Mean' credita Ty Dolla $ign & bülow, não Bryce Vine",
18009,Jack Harlow,Bryson Tiller,They Don't Love It,song,2022,INVALIDA_CONFIRMADA,"'They Don't Love It' é solo, não com Bryson Tiller","Wikipedia: 'They Don't Love It' é faixa solo de Jack Harlow (Jackman), sem Bryson Tiller",
18013,Jack Harlow,Saweetie,Whats Poppin (remix),song,2020,INVALIDA_CONFIRMADA,remix de Whats Poppin não inclui Saweetie,"Wikipedia/Spotify: remix de 'Whats Poppin' tem DaBaby, Tory Lanez & Lil Wayne, não Saweetie",
18016,Jack Harlow,2 Chainz,Way Out,song,2020,INVALIDA_CONFIRMADA,"'Way Out' é com Big Sean, não 2 Chainz","Wikipedia: 'Way Out' de Jack Harlow feat. Big Sean, não 2 Chainz",
18017,Jack Harlow,Pharrell Williams,Neverita,song,2023,INVALIDA_CONFIRMADA,"'Neverita' é do Bad Bunny, não Jack Harlow","Wikipedia: 'Neverita' é do Bad Bunny (Un Verano Sin Ti), produção Tainy; sem Jack Harlow/Pharrell",
18021,Jack Harlow,Chris Brown,No Idea,feature,2021,INVALIDA_CONFIRMADA,"'No Idea' é do Don Toliver, não colab desses","Wikipedia: 'No Idea' é single solo de Don Toliver, não colab Jack Harlow/Chris Brown",
18022,Jack Harlow,Bia,WHATS POPPIN (remix),song,2020,INVALIDA_CONFIRMADA,Bia não está no remix de Whats Poppin,"Wikipedia/Spotify: remix de 'Whats Poppin' tem DaBaby, Tory Lanez & Lil Wayne, não Bia",
18023,Jack Harlow,Lil Baby,Nail Tech,feature,2022,INVALIDA_CONFIRMADA,"'Nail Tech' é solo, não feat Lil Baby","Wikipedia: 'Nail Tech' é single solo de Jack Harlow, sem feat Lil Baby",
18036,Lil Nas X,Ben Affleck,Holiday (skit),feature,2023,INVALIDA_CONFIRMADA,"fabricação, sem faixa com Ben Affleck",Wikipedia: 'Holiday' de Lil Nas X é single standalone; sem skit/feat com Ben Affleck,
18038,"Tyler, The Creator",Kendrick Lamar,Tamale,song,2013,INVALIDA_CONFIRMADA,"'Tamale' é solo do Wolf, sem Kendrick",Wikipedia: 'Tamale' (Wolf) escrita e produzida só por Tyler; sem Kendrick Lamar,
18039,"Tyler, The Creator",Pharrell Williams,SMUCKERS,song,2015,INVALIDA_CONFIRMADA,"SMUCKERS é com Kanye e Lil Wayne, não Pharrell","Wikipedia: 'Smuckers' (Cherry Bomb) feat. Kanye West & Lil Wayne, não Pharrell",
18040,"Tyler, The Creator",Lil Uzi Vert,"GONE, GONE / THANK YOU",song,2019,INVALIDA_CONFIRMADA,"'GONE, GONE' é solo do IGOR","Wikipedia/HotNewHipHop: 'GONE, GONE / THANK YOU' traz CeeLo Green e La Roux, nao Lil Uzi Vert",
18042,"Tyler, The Creator",Charlie Wilson,RUNNING OUT OF TIME,song,2021,INVALIDA_CONFIRMADA,"faixa solo, sem Charlie Wilson",Fandom/RYM: Charlie Wilson canta em 'EARFQUAKE'; 'RUNNING OUT OF TIME' tem vocais de Jessy Wilson,
18045,"Tyler, The Creator",Jaden Smith,Where This Flower Blooms,song,2017,INVALIDA_CONFIRMADA,"faixa tem Frank Ocean, não Jaden Smith","Spotify/thefader: 'Where This Flower Blooms' e feat. Frank Ocean, nao Jaden Smith",
18047,"Tyler, The Creator",Solange,SWEET / I THOUGHT YOU WANTED TO DANCE,song,2021,INVALIDA_CONFIRMADA,"faixa tem Brent Faiyaz e Fana Hues, não Solange","Spotify/Wikipedia: 'SWEET / I THOUGHT YOU WANTED TO DANCE' feat. Brent Faiyaz & Fana Hues, nao Solange",
18049,"Tyler, The Creator",Lil Uzi Vert,WHAT IT IS,song,2023,INVALIDA_CONFIRMADA,"'WHAT IT IS' é da Doechii, não Tyler",Wikipedia: 'What It Is (Block Boy)' e single da Doechii feat. Kodak Black; nao existe faixa Tyler+Lil Uzi com esse titulo,
18054,"Tyler, The Creator",Teezo Touchdown,WHARF TALK,song,2023,INVALIDA_CONFIRMADA,"WHARF TALK é com A$AP Rocky, não Teezo","NME/Spotify: 'WHARF TALK' e feat. A$AP Rocky (add. vocals DJ Drama), nao Teezo Touchdown",
18055,"Tyler, The Creator",ScHoolboy Q,WHARF TALK,song,2023,INVALIDA_CONFIRMADA,"WHARF TALK é com A$AP Rocky, não ScHoolboy Q","NME/Spotify: 'WHARF TALK' e feat. A$AP Rocky, nao ScHoolboy Q",
18056,"Tyler, The Creator",LaFame,See You Again,song,2017,INVALIDA_CONFIRMADA,"'See You Again' é com Kali Uchis, não LaFame","Spotify/Wikipedia: 'See You Again' e feat. Kali Uchis, nao LaFame",
18057,"Tyler, The Creator",Daniel Caesar,ARE WE STILL FRIENDS?,song,2019,INVALIDA_CONFIRMADA,'ARE WE STILL FRIENDS?' é solo do IGOR,"RYM/AnalogPlanet: 'ARE WE STILL FRIENDS?' tem background vocals de Pharrell Williams, nao Daniel Caesar",
18063,A$AP Rocky,Wale,1Train,song,2012,INVALIDA_CONFIRMADA,Wale não está em '1Train',"Wikipedia/Spotify: '1Train' feat. Kendrick, Joey Bada$$, Yelawolf, Danny Brown, Action Bronson, Big K.R.I.T.; sem Wale",
18067,A$AP Rocky,Gunplay,1Train,song,2012,INVALIDA_CONFIRMADA,Gunplay não está em '1Train',Wikipedia/Spotify: lineup de '1Train' nao inclui Gunplay,
18076,Sabrina Carpenter,Rema,Busy Woman,song,2025,INVALIDA_CONFIRMADA,"'Busy Woman' é solo, não com Rema","Wikipedia: 'Busy Woman' é solo de Sabrina Carpenter (Carpenter/Amy Allen/Jack Antonoff), sem Rema",
18078,Sabrina Carpenter,Pharrell Williams,Slim Pickins,feature,2024,INVALIDA_CONFIRMADA,"'Slim Pickins' é solo, não feat Pharrell","Wikipedia: 'Slim Pickins' creditada a Carpenter/Amy Allen/Jack Antonoff, sem Pharrell",
18085,Lil Uzi Vert,The Weeknd,Unforgettable,song,2017,INVALIDA_CONFIRMADA,"'Unforgettable' é do French Montana, não desses","Wikipedia: 'Unforgettable' (2017) é de French Montana feat. Swae Lee; The Weeknd apenas sampleado, sem Lil Uzi Vert",
18203,J. Balvin,Myke Towers,XO Tour Life (Remix),song,2023,INVALIDA_CONFIRMADA,'XO Tour Life' é de Lil Uzi Vert; remix fabricado,'XO Tour Llif3' é de Lil Uzi Vert; nenhum remix J Balvin+Myke Towers encontrado (Spotify),
18222,Karol G,Maluma,Mía,song,2018,INVALIDA_CONFIRMADA,"'Mía' é Bad Bunny/Drake, não Karol G/Maluma",Wikipedia/Spotify: colab real Karol G+Maluma é 'Créeme'; 'Mía' não existe entre eles,
18243,Maluma,Luis Fonsi,Échame la Culpa,song,2017,INVALIDA_CONFIRMADA,"'Échame la Culpa' é Fonsi & Demi Lovato, não Maluma","Wikipedia: 'Échame la Culpa' é Luis Fonsi & Demi Lovato, sem Maluma",
18267,Daddy Yankee,El Alfa,Rompe,song,2022,INVALIDA_CONFIRMADA,'Rompe' é de 2005 sem El Alfa; remix fabricado,"Letras/Apple Music: 'Rompe (Remix)' feat. G-Unit (Lloyd Banks/Young Buck), não El Alfa",
18298,Ozuna,Anuel AA,Yonaguni,song,2021,INVALIDA_CONFIRMADA,"Yonaguni é de Bad Bunny solo, não Ozuna/Anuel","'Yonaguni' é single solo de Bad Bunny (2021), sem Ozuna nem Anuel AA (en.wikipedia.org, open.spotify.com)",
